transaction_id,is_fraud_real,fraud_probability_baseline,pred_baseline_best_f1,selected_threshold
14dc1cbe-fad8-4aac-b7e6-d7bf5ada47e9,True,0.6063066851541896,True,0.583742864980993
c3646f7d-d4dd-4493-bddf-14b970c641aa,False,0.48517859078829223,False,0.583742864980993
5331c15b-72a2-45ba-9746-c4b06da11293,False,0.40503947191514744,False,0.583742864980993
9635a993-f3b4-4679-ad61-bd804f5dd494,False,0.5382676027647856,False,0.583742864980993
29ed90dd-8541-4b3a-886e-0516dee92278,False,0.40503947191514744,False,0.583742864980993
ffff2d03-95bd-405b-a8cb-4a8506d1aca5,False,0.40503947191514744,False,0.583742864980993
888787ff-c093-4055-bf1b-80949bc4ac7b,False,0.583742864980993,True,0.583742864980993
3eb94a1a-ec09-43b7-b6d9-b04c22d6b0f4,False,0.40503947191514744,False,0.583742864980993
41136a0b-6605-4b31-887b-a2b9f0ade418,False,0.40503947191514744,False,0.583742864980993
d3e43d98-f72a-4c14-b1e8-fdf6779ff768,False,0.40503947191514744,False,0.583742864980993
4193d504-ee30-41c3-abe6-0b76a42a0008,False,0.4441072857675642,False,0.583742864980993
5b80126e-4370-4691-a9f9-d2915e0ab027,False,0.40503947191514744,False,0.583742864980993
6acac45e-52a5-445f-bbcc-a1d373bacbd7,False,0.3987589507307454,False,0.583742864980993
ecf8abd5-d6e2-4ed0-a19a-95836791df46,True,0.4539438879441645,False,0.583742864980993
1fccdbc1-014d-4de0-9d90-01311b455c2e,False,0.40503947191514744,False,0.583742864980993
e778ad15-7fef-4e3a-ad58-00f20a9e7571,False,0.40503947191514744,False,0.583742864980993
d5bf368b-7f9f-4fc2-82d2-b0fa2af73604,False,0.42651653375719323,False,0.583742864980993
ba293c67-120c-40db-b953-b72da5c9fe97,False,0.5504801817597578,False,0.583742864980993
f37c3bc6-b60b-4313-86cb-55f372682ffb,False,0.47797158333638995,False,0.583742864980993
fd46987b-3304-49bd-8f5e-7401ad8ab548,False,0.40503947191514744,False,0.583742864980993
5c81ad6a-0d2f-48ac-a1ed-01b025345182,False,0.4497241839162239,False,0.583742864980993
f0ce4e59-a338-4bdc-974b-6c13e4e50f7d,False,0.4802064935977308,False,0.583742864980993
06f49eb0-4613-43f8-af24-285fc8a08795,False,0.40736695768331066,False,0.583742864980993
0b6fc07b-8a9a-41ac-85a8-8d186d363442,False,0.3924564557458108,False,0.583742864980993
b2c1c550-d2fd-46c4-bb35-931e60dc5ab1,False,0.40042213678873106,False,0.583742864980993
ea068783-67c6-4a4e-8f26-e500b3ba534d,False,0.3987589507307454,False,0.583742864980993
84cb1dff-2b9b-4abe-aa81-16f5add3890a,False,0.40503947191514744,False,0.583742864980993
3cc43310-c01c-4727-9e9c-65880de264ad,False,0.40503947191514744,False,0.583742864980993
fa78ca26-4e39-4ffd-b9ee-a8b3f9ba3fb5,False,0.4094269448649575,False,0.583742864980993
aa5e7505-f639-410f-90c0-30c9e437cc6b,False,0.40503947191514744,False,0.583742864980993
1e6088eb-8319-4970-9d6b-5229ab05c01d,False,0.45025921446072376,False,0.583742864980993
56b4389d-6cc8-444f-8121-cbab2fd070b4,False,0.4539438879441645,False,0.583742864980993
28576685-93a5-4371-9309-9247f988252f,False,0.3925681383566963,False,0.583742864980993
69247f20-e011-4214-b4d9-a7e0712dca6f,False,0.40503947191514744,False,0.583742864980993
c2cc08b9-61fc-45dc-96bc-bf52a1501efe,False,0.4094269448649575,False,0.583742864980993
72c2e8d9-3cf8-493a-8b38-1c3b85d348bf,False,0.40503947191514744,False,0.583742864980993
b5f43a15-5c19-465b-a9ee-d457fb9912e8,False,0.40503947191514744,False,0.583742864980993
4fecff42-9998-462c-a756-6bf32d599ce1,False,0.5380642566236822,False,0.583742864980993
29d1e262-0fb7-4bf1-89c2-51c8f46c4efc,False,0.40503947191514744,False,0.583742864980993
ca7242cf-b703-4d21-ba4c-99527468ee9a,False,0.40503947191514744,False,0.583742864980993
269bebbe-590d-45a3-babb-aabeb168e3dd,False,0.40503947191514744,False,0.583742864980993
52b92402-9174-4267-84bb-767f9b3cc4c1,False,0.40503947191514744,False,0.583742864980993
95932cbd-efa6-4e68-830f-f7b34b185f28,False,0.40503947191514744,False,0.583742864980993
973607d3-47c1-472b-a1cd-ba9067932e39,False,0.5107056355744709,False,0.583742864980993
98a5a38d-2e75-4047-9697-abe2a2a9a283,False,0.4094269448649575,False,0.583742864980993
8e3ddf5a-cafc-40e1-ada2-4c1726167406,False,0.40503947191514744,False,0.583742864980993
ea61d4ba-6ba6-4d8e-922f-e038b0827bde,False,0.40736695768331066,False,0.583742864980993
13f1ac0b-e97c-4fad-9c5d-f5f1c0160320,False,0.4320520845060703,False,0.583742864980993
b2bedf55-ab11-4d03-a23d-a472bd4e1a57,False,0.40503947191514744,False,0.583742864980993
4c1b2951-4d0a-4adb-af66-834c779514f8,False,0.40503947191514744,False,0.583742864980993
d634f66d-4abf-4406-9d06-3debb8c8c1bd,False,0.5216339620084071,False,0.583742864980993
e37944ef-1436-43f5-96e5-227eb484d06f,False,0.4203473305536443,False,0.583742864980993
955d9061-0866-4e0f-aa2b-e95c48b8126c,False,0.40503947191514744,False,0.583742864980993
f3e60bf7-9c4a-46bc-a44f-3d89bee80bd7,False,0.40503947191514744,False,0.583742864980993
904143f3-ca97-45c7-9e84-12101132b6d9,True,0.6063066851541896,True,0.583742864980993
0a4d39e2-9b7e-4bb4-8462-47296ee8f82b,False,0.40503947191514744,False,0.583742864980993
6c6879f2-26d6-47af-99b1-e12761d3e60d,False,0.4382343078795482,False,0.583742864980993
f6fa273a-8381-4bfe-87a5-9ebef0930798,False,0.4382343078795482,False,0.583742864980993
ce7de95d-86a7-41a4-87a0-5630a1aef21a,False,0.43492528072182174,False,0.583742864980993
bdc15a2f-60e0-41b3-b06b-f08274e69233,False,0.4094269448649575,False,0.583742864980993
dd625647-6ac3-43b9-8420-48d66bc5da45,False,0.4538277899086185,False,0.583742864980993
ee5e5daf-a72c-4e76-b64e-c961433666da,False,0.40503947191514744,False,0.583742864980993
579c7274-fd99-4684-98c9-db4ed1972f07,False,0.4094269448649575,False,0.583742864980993
778ee4d9-2f01-4309-a1dd-eb451678a02e,False,0.5504801817597578,False,0.583742864980993
4dcba3a4-1c13-49de-a7f6-93f90c2b64bf,False,0.40503947191514744,False,0.583742864980993
95025e8e-ad00-42dc-bad3-c6a9fd1c6906,False,0.42436576186787844,False,0.583742864980993
3d20e793-dcf8-4990-bc70-2edc6187f3fe,False,0.4579479419186202,False,0.583742864980993
9e8f1ea1-e21b-4aab-bd34-e66cfd1bb91e,False,0.40503947191514744,False,0.583742864980993
1482d1ab-fe39-4240-a371-21d6b42a80c9,False,0.40503947191514744,False,0.583742864980993
53e23180-1e2d-49b6-baac-8d1a45c96603,False,0.48299846552354603,False,0.583742864980993
a6d6123a-1452-4c62-92a5-0800a3299bf4,False,0.5504801817597578,False,0.583742864980993
41ecc53a-834f-4ef7-a606-7a0d9b289652,False,0.4538277899086185,False,0.583742864980993
266a9bb5-9a17-4f84-b602-11d7549979e5,False,0.4802064935977308,False,0.583742864980993
744dc2a1-ccfc-4d6a-9c42-b09df2d5c5b7,False,0.40736695768331066,False,0.583742864980993
030db6fa-2960-4af7-b83d-5da0f5ab5f4e,False,0.40503947191514744,False,0.583742864980993
6757b6ee-5993-431c-a291-817cffe18acf,False,0.40736695768331066,False,0.583742864980993
281caced-2cdc-458d-ac9b-ac51f09278f5,False,0.40503947191514744,False,0.583742864980993
e66588db-6c70-448b-bef7-5a5c19d83a85,False,0.4208503438150209,False,0.583742864980993
3b909fbc-f740-4697-a3dd-6bc59532da34,False,0.42448018060083104,False,0.583742864980993
6b9c678c-063c-404e-8e78-e789560167ce,False,0.40503947191514744,False,0.583742864980993
f8893abd-4c43-4cef-bccf-b2e8b42720d3,False,0.40503947191514744,False,0.583742864980993
6de100c2-338f-4251-870a-ea9389fdfdf7,False,0.40503947191514744,False,0.583742864980993
81666c36-ff66-4c46-9238-84014cbcccc1,False,0.6063066851541896,True,0.583742864980993
386da07a-87e2-457a-9d4b-6cb12acedfc0,False,0.40503947191514744,False,0.583742864980993
99725172-73a9-4b23-a963-fb8ae5928438,False,0.4404941494074398,False,0.583742864980993
9aa2b3cd-58f2-4179-b569-d89a118a7cd8,False,0.583742864980993,True,0.583742864980993
4de9108c-d312-4ef7-97fe-1a02b416e4cc,False,0.5535365479427822,False,0.583742864980993
23b0c196-f205-4375-9230-e30fc66c25fd,False,0.40736695768331066,False,0.583742864980993
49d1ea37-1bf5-4caa-8ede-622bd0a03511,False,0.40503947191514744,False,0.583742864980993
a2ca36cc-7b7e-42a0-a289-8cfab46249a3,False,0.40503947191514744,False,0.583742864980993
44b7f1a7-9e54-4cb8-94ed-e234aa36710f,False,0.40503947191514744,False,0.583742864980993
d3935af6-f15e-4d75-8d16-6d517b02233e,False,0.4320520845060703,False,0.583742864980993
986e1a42-3637-4681-a1b6-bff9f065a50c,False,0.4610045006983099,False,0.583742864980993
c18a283a-5f42-4a33-ad8c-0a0f4040f54a,False,0.4094269448649575,False,0.583742864980993
a951c749-3a51-49ce-b9e9-053c7eae7176,False,0.4203473305536443,False,0.583742864980993
b1e26872-b521-4399-a6d8-44791ecc6b2e,False,0.5504801817597578,False,0.583742864980993
aae29bcf-672f-41b0-aed1-535c89eb1be5,False,0.40503947191514744,False,0.583742864980993
286ae712-a3c4-4caa-bc1a-287f2a7cb621,False,0.40503947191514744,False,0.583742864980993
714c14f7-957f-411f-97c5-17689b0d6ed0,False,0.40503947191514744,False,0.583742864980993
964b519c-cd98-4cbd-b33a-326f54e46edf,False,0.4094269448649575,False,0.583742864980993
dc674021-c308-4664-bec0-7f4640788209,False,0.40503947191514744,False,0.583742864980993
421f0b21-ace4-411d-832b-c0ab5e7102ec,False,0.5107056355744709,False,0.583742864980993
b19a1f5e-6736-47a4-83a8-f9771abd2f0c,False,0.40503947191514744,False,0.583742864980993
092c164a-f58d-41bf-817b-2676665ccea8,False,0.43492528072182174,False,0.583742864980993
c64fc20d-b2e7-4cb9-9970-223e8edb8102,False,0.40503947191514744,False,0.583742864980993
e572ba0e-6309-47c0-8596-355722d37a60,False,0.40503947191514744,False,0.583742864980993
f04986d9-db4a-4c6c-9b14-625b1b06e50c,False,0.5504801817597578,False,0.583742864980993
7e645ea1-8878-4cf1-962c-e718719144c2,False,0.40503947191514744,False,0.583742864980993
5433c19a-c253-453d-96a1-e8a5ae52049b,False,0.49438948121039217,False,0.583742864980993
f5af88a9-4371-46f9-af67-321be9d3e03a,False,0.49277344604420537,False,0.583742864980993
ee402e1f-0fbe-4ec8-b48e-466cf23847e5,False,0.40503947191514744,False,0.583742864980993
fb99dc06-aaaf-4c56-bde7-31cf0e8be104,False,0.43492528072182174,False,0.583742864980993
c5fe7742-206d-4501-805c-0fafa332bdd3,False,0.40503947191514744,False,0.583742864980993
e735f9cd-ec3d-47a8-81f2-9369b5564dd1,False,0.40503947191514744,False,0.583742864980993
de75ba8f-4711-44ce-af0d-ac657d1b9887,False,0.4321670197522738,False,0.583742864980993
2b732ba2-8a94-4fce-8a2f-97c84bd48a0f,False,0.40503947191514744,False,0.583742864980993
e197042d-b37d-4c38-8e2e-405343d11039,False,0.40503947191514744,False,0.583742864980993
d54542e9-bcb6-490b-a6cd-0487452a3f6c,False,0.4094269448649575,False,0.583742864980993
1ce76342-2ab1-4699-90d2-45ec61c76b69,False,0.4094269448649575,False,0.583742864980993
589e988a-3461-4785-add9-93e734cc5c86,False,0.5792141179307829,False,0.583742864980993
a54c1bbf-cb20-4420-b99b-472907070d47,False,0.3971548976484513,False,0.583742864980993
dd638785-ea6d-430c-a369-e73cd1c17f12,False,0.40519223821522043,False,0.583742864980993
a46da503-5c1a-4d5f-bf08-2f20cb302696,False,0.40503947191514744,False,0.583742864980993
9fd866b2-71e7-4fdf-9dc7-d72b9b82adb0,False,0.40503947191514744,False,0.583742864980993
45002ce5-acbd-4797-be24-9d9efb057095,False,0.4539438879441645,False,0.583742864980993
00ca6726-de41-48ec-9893-07861e7ea36e,False,0.40503947191514744,False,0.583742864980993
c5be1cc9-ca15-46f2-803c-98b49219122d,False,0.40503947191514744,False,0.583742864980993
831a8fe3-a875-4f2e-86ac-c2e2cc47827e,False,0.3971548976484513,False,0.583742864980993
fc726e79-8d46-48de-9b16-0add6991cfac,False,0.40503947191514744,False,0.583742864980993
0d335ec1-1c01-4ac5-b740-3688c71127c4,False,0.40503947191514744,False,0.583742864980993
5a54bbc5-6037-4aab-9df7-69043a03d29e,False,0.40503947191514744,False,0.583742864980993
1de7e757-0383-4c69-82b6-beb338e2aad6,False,0.3987589507307454,False,0.583742864980993
bd732975-2793-4ea5-b5a5-f20513989603,False,0.4094269448649575,False,0.583742864980993
e90e537a-58da-4271-8dec-a82a4bc72c89,False,0.43492528072182174,False,0.583742864980993
6c069efa-e6bf-473a-9bc1-d95c405c4853,False,0.4094269448649575,False,0.583742864980993
246a0227-f821-4b43-8056-783cc814bad5,False,0.4743515065077276,False,0.583742864980993
96d41e0e-7349-437d-a9fd-abd9d1ecf286,False,0.4249969382518331,False,0.583742864980993
530066ba-bcf5-4ac2-855f-2470bab9631e,False,0.40503947191514744,False,0.583742864980993
29a27b0e-ffc8-4d5f-9e66-2804716ad756,False,0.40503947191514744,False,0.583742864980993
712dc104-d63c-4f09-a55b-fd96c0fccdc6,False,0.40503947191514744,False,0.583742864980993
65401dee-7db3-4879-a2b6-1f917583d88a,False,0.47797158333638995,False,0.583742864980993
b6d93f04-bc06-4250-9cc1-1b0224c2f965,False,0.40503947191514744,False,0.583742864980993
3f63a28b-8d40-4bf8-bf02-06313fe47cac,False,0.40503947191514744,False,0.583742864980993
6da9c814-b795-4b4e-96be-da84d153a0ca,False,0.40736695768331066,False,0.583742864980993
fb5c1d7e-3d98-4032-a4e7-6b492f08bcfc,False,0.40503947191514744,False,0.583742864980993
077b7c3f-c707-41d6-b71a-51c6eb8f39e6,False,0.40503947191514744,False,0.583742864980993
8370d81d-cb1e-4195-a9e0-feb986473297,False,0.40503947191514744,False,0.583742864980993
b9ff2a43-7bcc-4d5a-89a9-8e69e67b50e7,False,0.40503947191514744,False,0.583742864980993
3418a71b-8727-4878-a1cb-b35264339020,False,0.40736695768331066,False,0.583742864980993
dd515405-e4ee-4374-9699-93ad77fd259b,False,0.4527026673022815,False,0.583742864980993
b5f87d2d-4ea2-4642-b3b1-b491189a4bad,False,0.40503947191514744,False,0.583742864980993
2a4d7522-2661-4750-8c98-34a264b47898,False,0.40503947191514744,False,0.583742864980993
2d4524ed-90bd-47a6-a9cf-86971974fff0,False,0.40503947191514744,False,0.583742864980993
ff8ca628-0a7d-4870-91d1-560a6db1d569,False,0.40503947191514744,False,0.583742864980993
5f72902c-f2be-467e-8e03-70eae18a569a,False,0.40503947191514744,False,0.583742864980993
36d98ce8-e20d-4194-8d67-99e4ec7ded9e,False,0.4094269448649575,False,0.583742864980993
598c70a1-f9cf-40f2-abca-f8fef612bff2,False,0.40503947191514744,False,0.583742864980993
c98a3c38-4638-4085-bb44-606be51e7969,False,0.40503947191514744,False,0.583742864980993
3ce2a178-adc3-49de-ab6d-84df6d824029,False,0.40503947191514744,False,0.583742864980993
5901e2bc-e210-4e31-878e-8b7e9f76c84d,False,0.43492528072182174,False,0.583742864980993
2feae418-2c70-44ab-8fbf-326d09b7ef10,False,0.40503947191514744,False,0.583742864980993
003f54a0-1aae-4cea-8ea2-b0fb45fd48e9,False,0.40503947191514744,False,0.583742864980993
236ef119-0e77-4084-a2e8-60ef4bc5eb48,False,0.43564890919605254,False,0.583742864980993
42324fec-47f1-4a08-b3fb-674182bc8b45,False,0.4743515065077276,False,0.583742864980993
73bf4b35-67d5-4d2c-a605-b2c4e5b63cf7,False,0.4203473305536443,False,0.583742864980993
1248eda1-530e-4935-a147-e25bc09a462c,False,0.4443737927641178,False,0.583742864980993
3a52470a-0cd0-4724-9d34-983c7d64c1ce,False,0.40503947191514744,False,0.583742864980993
308f3437-44bd-49a7-9063-0230eeb65f0d,False,0.40503947191514744,False,0.583742864980993
2ab58c68-d3c5-4aa6-84a7-70adde01bf2d,False,0.3971548976484513,False,0.583742864980993
83b6c650-1859-4f2d-a722-ef6ed51189eb,False,0.5382676027647856,False,0.583742864980993
dc5193b1-0558-49b0-90c0-20c7ea0f4fdd,False,0.4094269448649575,False,0.583742864980993
923d0621-61cb-4b2d-a0a0-8410bebc109e,False,0.40503947191514744,False,0.583742864980993
03632d65-2522-4ae0-8a74-fc521c4beb8a,False,0.4945914917747262,False,0.583742864980993
4f197687-c8bd-416c-b162-e03b8ae19f53,False,0.40503947191514744,False,0.583742864980993
31e98807-d63e-411f-812b-702dd5f334b9,False,0.40503947191514744,False,0.583742864980993
54872d86-d949-4bf9-bc13-d575b6cc2bc8,False,0.40503947191514744,False,0.583742864980993
fd311183-d41f-4cd3-9fae-6b98fb78b644,False,0.40503947191514744,False,0.583742864980993
8f2b40a8-406a-45ba-87a9-be433f5ab18a,False,0.40736695768331066,False,0.583742864980993
f8598a92-3e5c-4a5b-93e2-14a1fbac317e,False,0.40503947191514744,False,0.583742864980993
d25b2160-d61a-4859-a637-c301b766f4a9,False,0.4094269448649575,False,0.583742864980993
497feb9c-1ab6-426d-a795-99f820eb6abe,False,0.40503947191514744,False,0.583742864980993
e8a61bb1-59d6-483c-a6f0-bc68d7e272a0,False,0.40503947191514744,False,0.583742864980993
af179a8d-5729-4620-9234-09a30aa6a7da,False,0.42055503766072744,False,0.583742864980993
4323f025-c145-41b8-bde9-d16f786b4485,False,0.40503947191514744,False,0.583742864980993
8db7a25f-6b47-42d2-a626-648e5ab290a3,True,0.6063066851541896,True,0.583742864980993
df191ff3-0021-4687-a1a4-9a220c2d9e04,False,0.3987589507307454,False,0.583742864980993
c35c9a3c-db07-4658-9528-58adafe22e4b,False,0.40519223821522043,False,0.583742864980993
63428826-f99f-469b-bc06-95559cce3d87,False,0.40503947191514744,False,0.583742864980993
acad8bda-a97d-4eaa-92bf-2fff4aefaf38,False,0.40503947191514744,False,0.583742864980993
344af299-67b6-492e-a91e-a9140579f543,False,0.40503947191514744,False,0.583742864980993
fb7f9220-06e7-4302-bf00-112e64415197,False,0.5107056355744709,False,0.583742864980993
462ea531-a883-4d80-bff5-a2d7e1a2cafb,False,0.40503947191514744,False,0.583742864980993
571caf50-b283-4230-999e-981ef45cd765,False,0.4094269448649575,False,0.583742864980993
91998d34-8a87-431b-b9ed-93950da207f2,False,0.5504801817597578,False,0.583742864980993
bc2e7f3a-c416-4a7b-95ad-09c33c39eeae,False,0.43564890919605254,False,0.583742864980993
74ff0e42-29f2-4454-aaae-5ca841850b8c,False,0.40736695768331066,False,0.583742864980993
6fa3db16-eb15-4484-a8ae-898af2c6ad57,False,0.583742864980993,True,0.583742864980993
c7554f1b-678d-4035-a66b-90a0a3f7cbb7,False,0.4155351471045486,False,0.583742864980993
7c90200c-33bd-4f54-bca5-7c2748281e33,False,0.40503947191514744,False,0.583742864980993
da5a7232-3214-4b69-8b41-f88af87e974c,False,0.41567741068698877,False,0.583742864980993
e665055f-93b9-462d-8f1d-4ec380c91830,False,0.515786733812982,False,0.583742864980993
092188c7-0e4c-4fbb-a7c4-afd5112b17b4,False,0.3987589507307454,False,0.583742864980993
0cd85c13-7b81-4a8a-92c2-59c770f856fc,False,0.40503947191514744,False,0.583742864980993
077135ab-a237-4f40-97b7-e4d58788160a,False,0.40503947191514744,False,0.583742864980993
55d38b6a-f7ed-426c-a38e-24750699d124,False,0.40503947191514744,False,0.583742864980993
58d35ec0-b321-42b7-97cd-5d06ff4e4bb1,False,0.40503947191514744,False,0.583742864980993
e5597586-e442-4490-9d09-f4abed7588ce,False,0.4945914917747262,False,0.583742864980993
e7cd8eea-409c-4692-aa09-4a3b17b83a89,False,0.47797158333638995,False,0.583742864980993
8591bcc0-0e2b-428e-9830-5bb95af83639,False,0.40503947191514744,False,0.583742864980993
a959404a-f464-42f4-bec6-d59707c1dc6d,False,0.40503947191514744,False,0.583742864980993
6631d8ba-031d-4cac-b339-5cc28b620a2c,False,0.42368303396349855,False,0.583742864980993
9633d0f6-5019-4d49-8fca-587f2ec05fcd,False,0.6063066851541896,True,0.583742864980993
366d89de-bf09-4b96-99d3-0f294078f025,False,0.47797158333638995,False,0.583742864980993
0d97d8c9-c437-4de1-9ce0-c31defbe7a9a,False,0.4285203936572535,False,0.583742864980993
a80aa625-d648-41e9-ba13-c7ffa2d19093,False,0.40503947191514744,False,0.583742864980993
d24ed468-c6f5-4285-ac1f-01ba0b81b818,False,0.40503947191514744,False,0.583742864980993
4227d193-c9d9-48d8-b43f-faa0e0b48215,False,0.40503947191514744,False,0.583742864980993
29771213-a55b-4dbb-9db4-30f254fd58d8,False,0.40503947191514744,False,0.583742864980993
e9111f9f-42ee-49c4-997e-b32e07f459be,False,0.40519223821522043,False,0.583742864980993
6e19bce7-ebaf-4230-a1b3-c74b7c908500,False,0.40503947191514744,False,0.583742864980993
35e4e13c-7d07-49de-b019-d72159d99874,False,0.40503947191514744,False,0.583742864980993
a7bdd56a-cb68-4bbe-b17c-15b9adab2bf4,False,0.40503947191514744,False,0.583742864980993
01443efa-7cd6-48a2-972b-0bff462b08d7,True,0.6063066851541896,True,0.583742864980993
2fbf1b68-8631-43fe-8a1e-7541252014ed,False,0.46209169237881514,False,0.583742864980993
73e1ef8d-f9ce-4873-981c-0c64f3a6dbe3,False,0.40692087553295747,False,0.583742864980993
fc29d276-6762-45c1-9ffc-d696b2047fa6,False,0.40503947191514744,False,0.583742864980993
59bbdb13-acc9-4777-a6b0-62dc41f9670a,False,0.40503947191514744,False,0.583742864980993
ba1b52a8-86f2-4090-9a89-82374734ef29,False,0.4382343078795482,False,0.583742864980993
6d1d09c9-7dc5-4e19-9c81-2e411753d36e,False,0.40503947191514744,False,0.583742864980993
0b163ccf-a8a8-46c1-af99-aed525c92d69,False,0.40503947191514744,False,0.583742864980993
ff1c6e2b-3f49-4711-b571-aca3f8e48de3,False,0.40503947191514744,False,0.583742864980993
f1e2a6fd-7b9c-4e98-ae93-255c635e0ba0,False,0.40503947191514744,False,0.583742864980993
3e2edfb6-90fc-495a-8ac7-dc496c0d975d,False,0.40736695768331066,False,0.583742864980993
40f4fefd-9c1d-4f3c-ac76-3fc0276306b5,False,0.46209169237881514,False,0.583742864980993
bbf30636-aff3-401d-b840-e648007065af,False,0.4802064935977308,False,0.583742864980993
99f7dc95-baca-4ba8-abb2-35bd73ac2b2e,False,0.40503947191514744,False,0.583742864980993
b4153010-34f1-4ff5-af8c-806f37464b3d,False,0.40503947191514744,False,0.583742864980993
f7833fa3-f4fb-47b6-bda3-5db45931d17c,False,0.40503947191514744,False,0.583742864980993
95c28ba7-5467-4ff9-a3e8-63241432f405,False,0.40503947191514744,False,0.583742864980993
cba4c8e3-e6c5-4a0a-9494-b96373bf77ca,False,0.40503947191514744,False,0.583742864980993
116a9fd5-54c9-4b06-bc92-8ee049064c8b,False,0.40736695768331066,False,0.583742864980993
599a1758-35bf-4334-ba1b-43436258e559,False,0.40503947191514744,False,0.583742864980993
8806cdde-13dd-4658-8b20-694685ea3f74,False,0.42651653375719323,False,0.583742864980993
ed346b09-fc3e-4e62-be02-adaee0c0154e,False,0.583742864980993,True,0.583742864980993
6f07ab32-3d4a-4bbe-af46-a4d56ca6e535,False,0.40503947191514744,False,0.583742864980993
2ed4ce21-1cd3-4213-b2a4-edf740260de0,False,0.40503947191514744,False,0.583742864980993
49828bcd-e07e-4da4-b55b-3908cac03f7f,False,0.40503947191514744,False,0.583742864980993
b6ade33e-3479-4f9f-b132-1669feab9bc0,False,0.44359075378074314,False,0.583742864980993
f6580b01-9cb9-4d8f-95aa-1bcffe1b4d8d,False,0.40736695768331066,False,0.583742864980993
ef3c856d-5cc4-42a1-8b8e-138e3a13a028,False,0.40503947191514744,False,0.583742864980993
0728a9fd-3780-437d-8bb9-3db0c975cd36,False,0.40503947191514744,False,0.583742864980993
18c7ca3c-b91a-4ee0-984a-7566812c0d55,False,0.40503947191514744,False,0.583742864980993
37629bab-5495-4b3a-a905-14fffc323fce,True,0.5504801817597578,False,0.583742864980993
884ae200-323a-48b7-b24f-0c5c02178aef,False,0.49277344604420537,False,0.583742864980993
0ae1c24e-97a4-4d9f-9bd8-88a36545445f,False,0.40503947191514744,False,0.583742864980993
104e8551-b147-455d-9bfd-f73355aac87b,False,0.40503947191514744,False,0.583742864980993
8df6a3b4-2691-4899-98f8-067b56ded50f,False,0.4538277899086185,False,0.583742864980993
efa1d79b-426e-4075-b977-eadb2edd4835,False,0.40503947191514744,False,0.583742864980993
089ccb3a-c918-42cd-957d-072f28638afe,False,0.40503947191514744,False,0.583742864980993
a201d481-f37b-471f-a174-a7cf4ba2c5bd,False,0.40503947191514744,False,0.583742864980993
38c2eb83-52b8-4373-9a25-40d4ff6c4ed6,False,0.4050793591890787,False,0.583742864980993
eabafffe-c42b-4794-bcfe-e2280bcd7774,False,0.40736695768331066,False,0.583742864980993
ce401c1a-feda-428d-8954-30e528a1cc7a,False,0.40503947191514744,False,0.583742864980993
cf7d5144-6441-4105-bc89-814c52204285,False,0.4094269448649575,False,0.583742864980993
319e9c28-781e-4706-885a-afb969bd10e9,True,0.6063066851541896,True,0.583742864980993
31bf25c6-57f6-4223-ba65-1d27dfdb4a71,False,0.47797158333638995,False,0.583742864980993
c464ca6e-b1a9-4321-be8b-9039ffec56bf,False,0.40503947191514744,False,0.583742864980993
e8c336c0-b972-4221-bfe8-a50227aec236,False,0.40503947191514744,False,0.583742864980993
9a53038b-36fb-4cf1-bfec-9b6f4c0a7b2d,False,0.40503947191514744,False,0.583742864980993
4497183b-83ec-4318-86f8-80eeab81ae95,False,0.4382343078795482,False,0.583742864980993
81076db4-3b68-4a78-bedc-a57e429d627b,False,0.40503947191514744,False,0.583742864980993
0d218708-6827-4fb7-95ff-32de1d64b984,False,0.40503947191514744,False,0.583742864980993
ffcc97f6-85a6-4161-96f1-835b40ca7016,False,0.40503947191514744,False,0.583742864980993
c41e0eca-3008-4e06-a1b0-30fd340be25f,False,0.44523043558365205,False,0.583742864980993
5ea0d9cd-6ffb-4c0b-a6c6-0121d090efdd,False,0.40503947191514744,False,0.583742864980993
e112ae12-9e4b-4292-9208-54a44307dc8a,False,0.40503947191514744,False,0.583742864980993
8c04c986-aca9-42b9-8b82-8b7dc1cc6de9,False,0.40503947191514744,False,0.583742864980993
cb3209d7-b16d-40a3-8be2-0fa85f295e6e,False,0.40503947191514744,False,0.583742864980993
19448c41-d6bf-4afb-aad3-bfac9e022be0,False,0.40503947191514744,False,0.583742864980993
1edc84f8-232f-4cae-9193-d7f50ba2a353,False,0.40503947191514744,False,0.583742864980993
a39de543-50ac-47fd-bf9e-8673fead34c7,False,0.4538277899086185,False,0.583742864980993
60ecb7bc-9506-4ebe-86d3-f113faf08281,False,0.40736695768331066,False,0.583742864980993
0a30686d-e051-41a0-acd2-6567ee388bbf,False,0.4094269448649575,False,0.583742864980993
a431773f-2514-439d-b11f-0671e6f46bdc,False,0.40503947191514744,False,0.583742864980993
42b70e0e-447a-488c-b29a-f3b2bea78a12,False,0.3924564557458108,False,0.583742864980993
3cb15f86-02f6-4837-8dd3-a23a5824c923,False,0.5177047856434871,False,0.583742864980993
866ec397-d7c8-4b69-824d-fc2f6caaa4a3,False,0.40503947191514744,False,0.583742864980993
7fd04ca5-e7df-4163-beda-55d93da6d44c,False,0.4094269448649575,False,0.583742864980993
dcfd9d36-0061-4090-9171-f22883849180,False,0.4094269448649575,False,0.583742864980993
2dd0b84b-b0ab-4e01-ba89-c735f52bc5d4,False,0.43492528072182174,False,0.583742864980993
2d7a54c7-9422-44dd-a4b8-b31f2ca59abe,False,0.40503947191514744,False,0.583742864980993
9f1ea69d-ec92-463e-9c24-4b6941069490,False,0.40503947191514744,False,0.583742864980993
d8abefa2-2bb7-4dfc-87ce-eee2899dc778,False,0.40503947191514744,False,0.583742864980993
9a994a84-dcd5-4048-bc83-90158b405392,False,0.40736695768331066,False,0.583742864980993
ed53b806-bee0-4f06-9d3f-f0a54cf3ada4,False,0.583742864980993,True,0.583742864980993
e4ff99ec-75c7-4cad-ba01-fe1667bcd2b0,False,0.40503947191514744,False,0.583742864980993
f16462cb-0c5e-4e8f-bcf7-198217c976d9,False,0.4886424637356239,False,0.583742864980993
c8487c79-9180-426e-a624-267cbdd755ff,False,0.3987589507307454,False,0.583742864980993
18fdf08d-808f-46e0-a348-eb8c016772f6,False,0.40503947191514744,False,0.583742864980993
8c68ab27-d411-43fd-b9e2-70f8d64298aa,False,0.40503947191514744,False,0.583742864980993
0e87c9c4-0f77-442e-a44a-0d2337a230c7,False,0.4886424637356239,False,0.583742864980993
100c6cd8-ed93-431b-bc11-9bd5a53d251e,False,0.40503947191514744,False,0.583742864980993
d2916611-f40b-4092-a4d8-e37407adc92c,False,0.40172575941541544,False,0.583742864980993
307d2ade-acdd-4839-877c-e9a39dce7f60,False,0.4181305593933002,False,0.583742864980993
3227b189-a72f-4d3b-ac9c-3e885bb88877,False,0.4744206609851918,False,0.583742864980993
f48d4949-ec4b-4462-8007-3193f7d73bac,True,0.6063066851541896,True,0.583742864980993
1a8ade58-2403-40b5-9d82-2a57aa6af7d5,False,0.40503947191514744,False,0.583742864980993
e73189fe-1e0a-4670-a960-6a6736238693,False,0.40736695768331066,False,0.583742864980993
29b650b0-04d8-4a2e-9ee9-678042f42af6,False,0.40503947191514744,False,0.583742864980993
c9af3d05-0266-4d4c-928e-f199b9bc83a5,False,0.40503947191514744,False,0.583742864980993
a08a67a5-b333-4b1f-94c6-dfa37497dd4a,False,0.40503947191514744,False,0.583742864980993
eb5f8c46-6f06-47d2-9538-088bb3ef817e,False,0.40503947191514744,False,0.583742864980993
b33240f4-d551-4d92-bee1-183b5e7d8c36,False,0.40503947191514744,False,0.583742864980993
42f6ee1c-c493-4757-82d1-4b110a616238,False,0.40503947191514744,False,0.583742864980993
1b097fd9-67cb-45cf-bdf8-c977e1f867e1,False,0.40736695768331066,False,0.583742864980993
e7d78202-4968-4627-8f3f-ba25d4a4d4e8,False,0.40503947191514744,False,0.583742864980993
a9b152e3-05ba-426f-a53f-c31a6301b0d7,False,0.45025921446072376,False,0.583742864980993
9d556c15-6d9d-4bd3-a3d0-5154a190ff74,False,0.40503947191514744,False,0.583742864980993
661a221d-f02e-420c-8381-8cc326a07c19,False,0.47782406655782056,False,0.583742864980993
43a1f2ad-a499-4eff-a3cf-eec5a8d47c59,False,0.40503947191514744,False,0.583742864980993
66016ba3-8ca2-40ce-a179-c7da838960b1,False,0.40503947191514744,False,0.583742864980993
767a459e-27b5-4ab3-a602-2329673a77c4,False,0.3987589507307454,False,0.583742864980993
343a3afb-34b5-4b0f-a331-f735df0c4e0f,False,0.40736695768331066,False,0.583742864980993
3c5995ef-127d-4df5-92cf-1455d4f72d63,False,0.4905671975123233,False,0.583742864980993
a55e6815-358b-4414-b4b7-06dba8438ee0,False,0.40503947191514744,False,0.583742864980993
7aad3599-ef29-4a4e-90e0-39ab9ca665b1,False,0.4721400342220882,False,0.583742864980993
8b140453-7f98-4bcd-be6f-cd6768cb9848,False,0.44824197993648074,False,0.583742864980993
aabf1bef-dc17-456e-a1ee-3ef758912892,False,0.43492528072182174,False,0.583742864980993
21eaaa56-be4e-4c92-ba23-d7fb47f2b897,False,0.40503947191514744,False,0.583742864980993
00aff0db-c809-49ef-9e86-a04b36edb4ea,False,0.40736695768331066,False,0.583742864980993
16613e86-2d37-4047-a4bb-be15840231c3,False,0.4802064935977308,False,0.583742864980993
e45b9804-2f3a-4bdc-96e7-5902e5d88f4b,False,0.40503947191514744,False,0.583742864980993
fe065a6c-3ea7-4459-a34b-be12d70f1b51,True,0.44359075378074314,False,0.583742864980993
07c2ee33-9012-430f-8b5f-f7fee8d97098,False,0.40503947191514744,False,0.583742864980993
dd69af88-acda-4823-a93f-1c2e131e9dfd,False,0.44523043558365205,False,0.583742864980993
a37ec0c4-098c-4480-bcba-facb098728f1,False,0.40503947191514744,False,0.583742864980993
1d00e24b-467d-46ff-8c9b-1f715e49210d,False,0.40503947191514744,False,0.583742864980993
c13a518d-7d65-4889-bc1e-0498c5ef91c7,False,0.40503947191514744,False,0.583742864980993
7f7bbea8-b9c2-4f95-a133-7bc5aa46695a,False,0.40503947191514744,False,0.583742864980993
1f6ec2a3-58ec-40b5-8726-77fad026c199,False,0.40503947191514744,False,0.583742864980993
d8460a4d-b55f-486b-82c4-705717fcafc6,False,0.40503947191514744,False,0.583742864980993
64be51ce-eef5-496b-8248-c1cf210191e0,False,0.40736695768331066,False,0.583742864980993
ba0b018d-18c4-4b53-b0e9-52ee61975a71,False,0.40736695768331066,False,0.583742864980993
01367d7f-41e9-42e5-b452-f5e8846d632d,False,0.40503947191514744,False,0.583742864980993
965b1cbb-bbe0-4bed-8a3e-a7b59f64616b,False,0.40503947191514744,False,0.583742864980993
eff6d275-60fc-4565-98f7-82f3b4dd998c,False,0.40503947191514744,False,0.583742864980993
0f854ed9-1c5a-4605-bc0a-6a2de0377f1c,False,0.40503947191514744,False,0.583742864980993
5705c47f-0753-4bfd-a47e-a82bd483d1da,False,0.40503947191514744,False,0.583742864980993
f9f2059f-3e53-4363-b40d-ab9f4a88f6ee,False,0.48517859078829223,False,0.583742864980993
589d9871-3a65-4d25-8309-40660b1a3a7c,False,0.3987589507307454,False,0.583742864980993
d5913dcd-ec73-47cc-b8dd-2ae5270c5b9f,False,0.40503947191514744,False,0.583742864980993
e4a6224b-101b-45ba-9641-b4e7f293cdde,False,0.5204696822497992,False,0.583742864980993
ce928eb1-c3d7-4216-9652-eb10eb91238a,False,0.5382676027647856,False,0.583742864980993
2e4c4f46-a31d-4719-8d8a-f9c630f19b31,False,0.3971548976484513,False,0.583742864980993
d3ba8a46-4bf7-4968-901f-7b572d5c6612,False,0.5081650140912776,False,0.583742864980993
81847d62-eb49-4215-afeb-8a4372315ba0,False,0.44523043558365205,False,0.583742864980993
d6005114-9729-4335-b5e9-a36feaa79333,False,0.40736695768331066,False,0.583742864980993
ff6982ba-a3e2-40b5-8c20-b6a7a5908e26,False,0.5216339620084071,False,0.583742864980993
1016cc8a-a576-451a-9079-e361aa307fc8,False,0.40503947191514744,False,0.583742864980993
e6153ea7-5993-46ba-b123-91c34ca328fc,False,0.6063066851541896,True,0.583742864980993
c190a9a9-53bc-420b-9e2a-0c20f08c5478,False,0.40503947191514744,False,0.583742864980993
ca305dc4-27ac-4d68-a620-00b270fddec2,False,0.40503947191514744,False,0.583742864980993
dbe8bcef-c977-4fe5-ad99-54bc69b31b3f,False,0.4094269448649575,False,0.583742864980993
00f53dc0-9591-482a-a554-3eccc1821f33,False,0.4094269448649575,False,0.583742864980993
733c8d54-608f-41f5-8740-fe132792be4c,False,0.40503947191514744,False,0.583742864980993
2dfd876f-88c2-4a8e-8874-a55d70b32232,False,0.40503947191514744,False,0.583742864980993
e7369ba5-c64a-4fc6-860d-115e9a6de472,False,0.49277344604420537,False,0.583742864980993
820c4f4e-e842-47fe-8010-9b74c1eb2a35,False,0.40503947191514744,False,0.583742864980993
359bcd82-fa1d-4c42-8d2e-eae6bb04b217,False,0.40503947191514744,False,0.583742864980993
cbe84f1d-c355-47c1-80ee-16a4d185ba7e,False,0.40503947191514744,False,0.583742864980993
3a88abb6-1af7-4b49-a1be-48d55d45c57b,False,0.44176602157719996,False,0.583742864980993
ebb70c90-ca8b-4289-8a61-5531e40d716c,False,0.42482011470594766,False,0.583742864980993
24b52604-37ec-4654-a5cc-355c5336c802,False,0.45585796786027183,False,0.583742864980993
3aaf8e29-4452-4c69-8549-5b0e9e62c064,False,0.47541698772938107,False,0.583742864980993
0792a1b7-0c92-4fba-8a3e-3edc51be0cf4,False,0.3987589507307454,False,0.583742864980993
99e89275-2488-4d76-95c6-e0b9e0593538,False,0.4849642615334344,False,0.583742864980993
a9a3b8a6-eca4-4e56-b7c6-70a28340953e,False,0.47782406655782056,False,0.583742864980993
3a965050-db8a-4678-a2bf-13c114b9e0ca,False,0.40503947191514744,False,0.583742864980993
52e20b3f-e368-4b96-933b-e638656c2265,False,0.40503947191514744,False,0.583742864980993
df090f72-e35c-4154-a42a-9094d59ddc3c,False,0.4094269448649575,False,0.583742864980993
b66900d1-22ae-4e8a-b312-2c89c26b1a30,False,0.40503947191514744,False,0.583742864980993
2e99fbc9-c21c-4202-8439-ff81eb13c12b,False,0.3970427630753556,False,0.583742864980993
fab9b9ed-fd63-4634-b581-a5703e3c4fc7,False,0.44359075378074314,False,0.583742864980993
fe12009b-3ec2-4d97-b092-8d2f0ee07eda,False,0.40503947191514744,False,0.583742864980993
6ea6184c-e572-42a2-9ebf-957f03a35f75,False,0.40503947191514744,False,0.583742864980993
811abd22-e664-490a-be9c-8613618cfa4d,False,0.4402390795040349,False,0.583742864980993
4b9446d8-8526-4517-add2-d9f2c0d31639,False,0.40503947191514744,False,0.583742864980993
aac78f03-b3ea-43b8-a6d3-52a60e882e86,False,0.40503947191514744,False,0.583742864980993
a6417301-8ab0-4ea9-afa9-502099873008,False,0.3987589507307454,False,0.583742864980993
ca508864-3ed0-4a17-a07f-effe99ce9ac3,False,0.40503947191514744,False,0.583742864980993
ee73f42e-bb69-4349-8297-bc1d16924937,False,0.40503947191514744,False,0.583742864980993
7776f90c-244c-412c-8443-7d82bd9ab187,False,0.40503947191514744,False,0.583742864980993
00c43137-c974-4a6d-912d-220c1d0ac046,False,0.5177047856434871,False,0.583742864980993
591935f1-dee3-4ce4-8e20-b138278b7bdd,False,0.40736695768331066,False,0.583742864980993
e3b4bccf-3601-4819-b6f0-2cff8350b8ac,False,0.5792141179307829,False,0.583742864980993
12637a15-db89-439e-bd34-2194ef4df823,False,0.45940257193082634,False,0.583742864980993
5dabd4a4-9d46-4616-99c1-88ea2774bb89,False,0.40736695768331066,False,0.583742864980993
5aafcb3f-714b-427e-8a7e-85ae6bedb439,False,0.44824197993648074,False,0.583742864980993
0157d228-27ce-4469-81e0-af6bd1bd629c,False,0.40503947191514744,False,0.583742864980993
51041563-c1b3-455f-8350-91d575becd7d,False,0.40503947191514744,False,0.583742864980993
3d41d392-af7f-4e06-8297-a2260ba6ea9b,False,0.40503947191514744,False,0.583742864980993
f448184f-d406-4c9b-a780-5507b2deeefe,False,0.40503947191514744,False,0.583742864980993
d7b899da-5ca2-41c3-9bd9-17588613dc39,False,0.40503947191514744,False,0.583742864980993
e0a04350-6aad-4d1e-923c-27788af79c70,False,0.40503947191514744,False,0.583742864980993
0af938c9-0416-4599-bafa-e9d95a07b612,False,0.47797158333638995,False,0.583742864980993
f7091158-8116-4577-bfa1-8e5303e39aa2,True,0.6063066851541896,True,0.583742864980993
e5309c71-2cc3-43e1-bdc3-acb839fbeb19,False,0.40503947191514744,False,0.583742864980993
aaef566d-6814-4470-b07a-63d666e9861d,False,0.45025921446072376,False,0.583742864980993
7a9981af-9fd1-4d63-8a02-2bb1e972d476,False,0.40503947191514744,False,0.583742864980993
44d038b9-70d3-4a57-b6a9-66481be93560,False,0.40503947191514744,False,0.583742864980993
b42e7846-008e-45b4-aab1-e43096dc3294,False,0.40503947191514744,False,0.583742864980993
9f36299a-2fd0-4bf4-90d6-d3ca4a425ea6,False,0.40503947191514744,False,0.583742864980993
6acb71d3-5828-4ab4-ab97-cebc1db666f2,False,0.4182445184658407,False,0.583742864980993
2a2bbc51-73a2-4415-8708-d78be19f8e17,False,0.3970427630753556,False,0.583742864980993
ccd61c5d-854d-4fa7-9215-909002a40ed4,False,0.40503947191514744,False,0.583742864980993
f6cd114c-50c4-4dcf-a9d4-596e39d27319,False,0.40503947191514744,False,0.583742864980993
d1cd97c3-8dd8-46be-97ef-be8088d1cb0c,False,0.4094269448649575,False,0.583742864980993
12a18c43-8da2-4df6-9dad-685d3a4eca4f,False,0.40736695768331066,False,0.583742864980993
9f647580-2c3e-4d89-b0be-253e8113d118,False,0.4527026673022815,False,0.583742864980993
62474091-1f2e-4bf8-afaa-37ca48105f0a,False,0.3987589507307454,False,0.583742864980993
d1c1e4c2-d47c-4a22-b58b-2e6d15f002a8,False,0.40503947191514744,False,0.583742864980993
f4600c99-bdd6-4eb9-bb27-6efc6a7a26de,False,0.40503947191514744,False,0.583742864980993
9cf1e4ad-5480-478f-b959-d860ba1e6599,False,0.40503947191514744,False,0.583742864980993
213a08ae-52e6-4a11-b56a-0d60f6fc4395,False,0.40503947191514744,False,0.583742864980993
6e30b9f1-6ec6-4f0e-9694-4e0207b3edd6,False,0.40503947191514744,False,0.583742864980993
dd9dc741-ada1-4db1-a671-014265fb79ff,False,0.40503947191514744,False,0.583742864980993
bfce646c-695a-403d-8296-2be021ee2cef,True,0.4431953328006351,False,0.583742864980993
69e4ad27-9266-4c22-9737-e2cfea36ab44,False,0.5107056355744709,False,0.583742864980993
68bf8ed8-df47-4aa1-b7be-7424315fa2d9,False,0.48299846552354603,False,0.583742864980993
10470161-8c1f-4733-a451-6e77cdc14b9c,True,0.6063066851541896,True,0.583742864980993
2479b4f1-9925-48cd-ba9c-3fe8230146a1,False,0.40503947191514744,False,0.583742864980993
c0215f9a-11b2-4927-b9d3-cb1a754a284d,False,0.40503947191514744,False,0.583742864980993
dc4874db-17fc-4d7d-9c20-f4f2defb75ed,False,0.40503947191514744,False,0.583742864980993
ab5383df-9864-491a-bedb-7ce0f6061b75,False,0.40503947191514744,False,0.583742864980993
e8906767-6390-4de0-9157-0973f810df1c,False,0.40503947191514744,False,0.583742864980993
2523ecdc-daa6-45cc-9ae2-c1180b002bdd,False,0.47011247094087777,False,0.583742864980993
a35d5c87-5b8c-4e36-9795-6bf981743854,False,0.5154614660667396,False,0.583742864980993
d02a477f-4da1-4a9a-bb71-bcacf961196e,False,0.3925681383566963,False,0.583742864980993
11674c4c-6c37-4e8c-bc8e-33bd185c5b3b,False,0.40736695768331066,False,0.583742864980993
54c9fd0c-8e49-4b64-9e10-7cac08235717,False,0.40503947191514744,False,0.583742864980993
b46e4629-dfa8-4798-88b9-3350adba0f85,False,0.4542198191514763,False,0.583742864980993
13915206-7a84-46d4-8923-4be31c6159fd,True,0.42478223289590006,False,0.583742864980993
512852d5-262d-4165-8082-248c9bdd6972,False,0.45742774005617653,False,0.583742864980993
d9d108b1-c301-443e-b1d6-eaa313ef0dc7,False,0.4527026673022815,False,0.583742864980993
e47fe69a-64e1-4963-acfa-470e1824886d,False,0.40503947191514744,False,0.583742864980993
df3b6a6c-6255-4675-ae1d-f4b8bcaf3812,False,0.40503947191514744,False,0.583742864980993
b9b4db0e-fec3-4fd2-b0a1-32b044dec63b,False,0.40503947191514744,False,0.583742864980993
18151ddf-2d6f-4533-8471-11fb61c90e5f,False,0.47797158333638995,False,0.583742864980993
c1524672-625c-41cd-a51e-440325853191,False,0.40503947191514744,False,0.583742864980993
78a1df22-25be-4e6b-b9ee-fb56dd27abf8,False,0.43492528072182174,False,0.583742864980993
fc9b6c0c-b64d-4356-93d8-2bc987945b58,False,0.40503947191514744,False,0.583742864980993
417b19d2-1de9-48d1-9458-2f981d6c8c5a,False,0.5382676027647856,False,0.583742864980993
ea79bbf5-669c-4d07-9c54-594ab8292960,False,0.40503947191514744,False,0.583742864980993
9f237555-f1cc-48b2-9462-ccc6a3044762,False,0.40503947191514744,False,0.583742864980993
a2ad77d7-e0ea-453c-a452-1907657b75ea,False,0.5084267362335889,False,0.583742864980993
17d105d4-5a9b-40c1-ab75-27c0ea8d1577,False,0.40503947191514744,False,0.583742864980993
d269224b-0f49-404a-998e-071c71c48ed5,True,0.6063066851541896,True,0.583742864980993
27a5d926-58a8-4637-9777-b4ddede3824d,False,0.4320520845060703,False,0.583742864980993
67ca7dac-f9d0-4d32-a5df-825511a6c7d8,False,0.4416475866805179,False,0.583742864980993
22ec9bb9-7116-43b1-beb7-1a984c38c344,False,0.40503947191514744,False,0.583742864980993
d7344da6-2846-4901-8d85-e0b71ed238fc,True,0.6063066851541896,True,0.583742864980993
4d67a660-868e-4f61-b86b-1d3a302f680f,False,0.40503947191514744,False,0.583742864980993
ebb34af1-003d-4b0d-b019-d4b170b786be,False,0.4249969382518331,False,0.583742864980993
8a6db2f1-8203-4549-8f7b-56c4ac4b049a,True,0.40503947191514744,False,0.583742864980993
8109cb61-fff5-4201-8b29-044863862048,False,0.40736695768331066,False,0.583742864980993
25f665fc-a9a1-4a15-9a6c-566218cc7187,False,0.4203473305536443,False,0.583742864980993
a5ea352a-3c82-43af-9d70-f38905a85a16,False,0.40503947191514744,False,0.583742864980993
85c523b7-e75f-4772-9f67-353f2919d43a,False,0.40503947191514744,False,0.583742864980993
f1cc781e-9244-4ecc-8427-0a612289aed6,False,0.47782406655782056,False,0.583742864980993
fe0d4f80-9a35-42b9-a121-43442df6796e,False,0.40503947191514744,False,0.583742864980993
989bd539-ee67-4044-b6f3-bc503a71847e,False,0.40503947191514744,False,0.583742864980993
dbdc8def-ecf1-4dfd-bcba-d5b6947fb185,False,0.40503947191514744,False,0.583742864980993
48c343a0-dc54-4b4e-a796-c2708d529240,False,0.5216339620084071,False,0.583742864980993
b4d5c8fc-b22a-4216-b27a-e4a0cbd5474e,False,0.43251802620523466,False,0.583742864980993
283917c6-e18e-4a05-8da8-c42438e91b4b,False,0.40503947191514744,False,0.583742864980993
9399ec28-e4a1-4083-b857-bf84ec5f9c17,False,0.40736695768331066,False,0.583742864980993
1b5afc76-5941-42b4-91af-ea6b2f298ed9,False,0.4932098999115965,False,0.583742864980993
5bb11f14-bb29-49af-bc39-5703159d5336,False,0.40503947191514744,False,0.583742864980993
430a1431-fa58-4140-ae12-c0033e10ec23,False,0.40503947191514744,False,0.583742864980993
646cf6e3-ee36-47c9-92b7-bf39076a3813,False,0.4538277899086185,False,0.583742864980993
eaa49eff-c05a-49e6-bba2-51373eb700b9,False,0.40503947191514744,False,0.583742864980993
33792e9d-029a-4773-9fa8-21e649b1274c,False,0.40503947191514744,False,0.583742864980993
1b59f2a1-f9b8-4584-b620-733fa42f0148,False,0.40503947191514744,False,0.583742864980993
02e47c09-7e5b-4096-b73b-f67652f20ceb,False,0.40172575941541544,False,0.583742864980993
04a10b6b-9207-4b69-9bb2-f8c202433037,False,0.46209169237881514,False,0.583742864980993
b65e712d-27d3-4ec6-bf35-081ea064b5fc,False,0.40736695768331066,False,0.583742864980993
9021da31-61bc-457e-8473-0944fa33c181,False,0.40503947191514744,False,0.583742864980993
a0a2fab9-2f4d-4edb-b8d7-d61f15920435,False,0.40503947191514744,False,0.583742864980993
652236ae-766a-444e-adc1-70dfea308386,False,0.583742864980993,True,0.583742864980993
826eccc6-82d0-44c6-9856-a5246566dd65,False,0.48080166356871207,False,0.583742864980993
27639263-bf55-41e2-a2c6-1091a01680a8,False,0.40503947191514744,False,0.583742864980993
9fbad006-2fc6-4fff-856a-317839a432ad,False,0.4094269448649575,False,0.583742864980993
c154afda-4e60-4e19-a2c2-f37dc2b74691,False,0.40503947191514744,False,0.583742864980993
8d09d6e8-f4c3-4bf8-bf9b-76d3d4997bb9,False,0.49277344604420537,False,0.583742864980993
cf6b8489-664f-4fc6-8203-0738249b8646,False,0.47541698772938107,False,0.583742864980993
3a8d889c-6d79-496d-b23b-cd2b182f5f2f,False,0.40736695768331066,False,0.583742864980993
52c92694-22a9-4f7c-bb6c-381fff0c41da,False,0.40503947191514744,False,0.583742864980993
988f2374-3de4-45bd-96d0-be582ba38683,False,0.40503947191514744,False,0.583742864980993
febe903f-5359-401b-8d13-5fc699e6c7a4,False,0.43492528072182174,False,0.583742864980993
51006097-e40b-40da-a812-c8251ddcba16,False,0.5154614660667396,False,0.583742864980993
13d9ff79-a502-4bd3-bd39-48bf4f5a372f,False,0.40503947191514744,False,0.583742864980993
f07b51b5-c00a-412b-91d0-4613f3a5674a,False,0.40503947191514744,False,0.583742864980993
203aa72b-92ce-4fc5-9e0e-7ea00daaf34d,False,0.5162700772215488,False,0.583742864980993
d19836ac-6047-4447-b54c-8ebe3761fbca,False,0.40503947191514744,False,0.583742864980993
84b15588-44ac-454b-a225-d7875a6bee56,False,0.42436576186787844,False,0.583742864980993
7e2636e7-4b8f-4ef7-a90b-958edbd64e38,False,0.40503947191514744,False,0.583742864980993
e08aaeaa-f375-4aa8-841b-d237aa55d634,False,0.40503947191514744,False,0.583742864980993
dab919b1-a8a9-44c6-b510-444ac3dbff19,False,0.4197820148531931,False,0.583742864980993
eea9646a-c2a1-4bf4-a5a0-08b40e0b2f98,False,0.40042213678873106,False,0.583742864980993
a16b8f0d-69cb-4cf0-b380-f858ed6e60e4,False,0.40503947191514744,False,0.583742864980993
0b3357ab-2094-4cc6-95fd-dc8e10e1f31e,False,0.4320520845060703,False,0.583742864980993
3dcd887d-f05c-4651-a202-1f26a0036ad1,False,0.40503947191514744,False,0.583742864980993
c02fc2f3-8178-422e-9224-d76edaabf972,False,0.5106256222638125,False,0.583742864980993
68e50713-ad09-4353-9587-2fedfe52b187,False,0.40519223821522043,False,0.583742864980993
6ad5c7e1-73b5-4755-8fac-2313cd647a85,False,0.40503947191514744,False,0.583742864980993
1a5c45c2-863c-45cf-b976-0308b1d14e22,False,0.40503947191514744,False,0.583742864980993
f5c37615-85eb-47a5-b324-cfad14c2dbad,False,0.40503947191514744,False,0.583742864980993
ea2d3377-225c-417b-8c76-9fdfa6b16372,False,0.40503947191514744,False,0.583742864980993
45846c34-1cd4-4856-811c-57b38a314c16,False,0.40503947191514744,False,0.583742864980993
fee41d6d-4ccb-4fa5-b2d9-1f7efb903425,False,0.4014020552834024,False,0.583742864980993
42cb9589-e6b7-441c-8dc5-4c854e6c5a6e,False,0.4802064935977308,False,0.583742864980993
1371692b-cf76-4219-bcf2-1aa9a13d7b5f,False,0.5106256222638125,False,0.583742864980993
49e1fb5e-0aef-47a5-ab5d-3b23732fe70e,False,0.40503947191514744,False,0.583742864980993
9491a091-2cc9-44e9-b1f5-abef06f02527,False,0.4203473305536443,False,0.583742864980993
3b0bcb71-290f-41e7-b553-4f72c53607ca,False,0.3971548976484513,False,0.583742864980993
7590c624-f209-4b7f-8120-bf00a0548ccc,False,0.40503947191514744,False,0.583742864980993
64de8e92-b587-40f2-b05a-a17368c910a3,False,0.4094269448649575,False,0.583742864980993
efaf478c-3124-4774-afdc-16f22eeb6099,True,0.39816632475538266,False,0.583742864980993
4295b547-c75c-4140-8234-16096b02940d,False,0.40503947191514744,False,0.583742864980993
765dca17-bcd2-44b2-8bdd-ef3e3b0f2843,False,0.40736695768331066,False,0.583742864980993
e7619646-dbcd-47ef-a136-d5cbe4344f1f,False,0.40503947191514744,False,0.583742864980993
c472e4da-6988-4697-bbf6-9ba1f36c11a4,False,0.40503947191514744,False,0.583742864980993
cd2d9f6e-fe5f-4efa-aa62-f12601ea13f3,False,0.40503947191514744,False,0.583742864980993
67dd7c2e-9b85-4108-8bad-bfeb94c592bc,False,0.43492528072182174,False,0.583742864980993
6b8424e1-6368-4ee5-bcc6-fcf96c43bdf2,False,0.4743515065077276,False,0.583742864980993
b8a31156-1cc7-4876-b56a-607d74066775,False,0.40503947191514744,False,0.583742864980993
c01ceb58-07bc-4849-9af2-2dab5ff63264,False,0.5382676027647856,False,0.583742864980993
f2c743dc-6929-4089-a723-b9b9574264c8,False,0.40503947191514744,False,0.583742864980993
c6e32b0c-3223-4de2-b155-7b10c19b8ba3,False,0.40736695768331066,False,0.583742864980993
4659c4a4-9e19-4438-9073-31c64d3ed282,False,0.43492528072182174,False,0.583742864980993
9a089019-46a2-4166-8f16-cd6d7f7ccefc,False,0.49277344604420537,False,0.583742864980993
58747d5b-fe6d-4a15-a2b4-f5c7cd774a30,False,0.45043696700327035,False,0.583742864980993
e7cdfaa6-7f36-402d-b72e-828b14e0cbfa,True,0.5504801817597578,False,0.583742864980993
18bf6767-862d-4669-948b-c6585f436fb9,False,0.40503947191514744,False,0.583742864980993
a70acafa-e6ec-4ea6-8275-b6e8b00b4c43,False,0.40503947191514744,False,0.583742864980993
d8e33696-363b-4504-bdf3-01992031f50b,False,0.40503947191514744,False,0.583742864980993
0dfcd593-8063-44a7-bc54-93f241d60f2f,False,0.43492528072182174,False,0.583742864980993
7f936049-21d8-4f0d-bd89-3157d79864aa,False,0.5107056355744709,False,0.583742864980993
b8bd6d71-a21f-4b6b-b6ce-625aca8036b6,False,0.40503947191514744,False,0.583742864980993
e9f52d4a-f00d-475e-9297-b7e4870bf607,False,0.4743515065077276,False,0.583742864980993
fe480ebd-88c9-4719-9d64-a3c21cf01505,False,0.40503947191514744,False,0.583742864980993
8bab1bd6-c861-4959-8ec2-eb503ced6760,False,0.6063066851541896,True,0.583742864980993
06ede6f1-09df-4c9c-9686-33a670e0efa7,False,0.40503947191514744,False,0.583742864980993
fc72f3c6-1e62-44cf-9aee-258932910109,False,0.5504801817597578,False,0.583742864980993
f2d474f4-b377-4237-8de4-a79901e81923,False,0.40503947191514744,False,0.583742864980993
70f22bf3-1907-4ee6-8a36-b134647efae9,False,0.40736695768331066,False,0.583742864980993
3630db49-8691-4371-a5b9-2706cba28804,False,0.40503947191514744,False,0.583742864980993
e147cb59-fa9a-48a1-a02e-8bac895f7e09,True,0.583742864980993,True,0.583742864980993
d9ff2a8d-c7a5-4e40-80a6-0f7ca586bc5b,True,0.5822597264776274,False,0.583742864980993
8fa8951c-7c73-40d8-9075-389cd0fec478,True,0.6063066851541896,True,0.583742864980993
fe2e6421-1201-40d8-b920-5e6215dfbc68,False,0.40503947191514744,False,0.583742864980993
bf4d1860-7902-450a-84be-faef5a771107,False,0.40503947191514744,False,0.583742864980993
10487c8d-fe81-4e31-8ede-a9d14972e3c2,False,0.40503947191514744,False,0.583742864980993
b4072137-33b9-4659-88c2-ea3e4a9953b8,False,0.40503947191514744,False,0.583742864980993
ef056469-b93e-4325-9729-d5fbf3132537,False,0.40503947191514744,False,0.583742864980993
f0a7e188-d227-4025-827a-e3881db8c64a,False,0.4402390795040349,False,0.583742864980993
2752b45c-5f9e-43ba-a6d3-ba5923a8de2e,False,0.40503947191514744,False,0.583742864980993
faddc41f-466f-413a-a586-0ba07555bd62,False,0.40503947191514744,False,0.583742864980993
da34a2dc-43c2-44f6-8a34-3a079a740f6c,False,0.40503947191514744,False,0.583742864980993
5f90d5bf-7362-4db0-9f66-65ec3cdce115,False,0.4208503438150209,False,0.583742864980993
68f4de8e-c22f-4667-aefe-d75c355f2de9,False,0.5792141179307829,False,0.583742864980993
3949e472-f6d0-4879-acda-7214da5e0f19,False,0.40503947191514744,False,0.583742864980993
f9ef05e1-b2d1-4480-8c2a-dd215156aa56,False,0.4321670197522738,False,0.583742864980993
120bd3ad-2d8a-4254-8663-704fef8a4b47,True,0.6063066851541896,True,0.583742864980993
c89f0282-752b-45a8-bdfc-9c6c335b5111,False,0.4382343078795482,False,0.583742864980993
a67feb8e-83cd-4999-937e-94097a7a490a,False,0.40503947191514744,False,0.583742864980993
58378377-21d4-443e-b01a-c60b2f2d2435,False,0.40503947191514744,False,0.583742864980993
26937775-17a2-48bc-9885-aea2c99bf0af,False,0.40692087553295747,False,0.583742864980993
769cbe19-d308-4d0c-9c2d-4a207b2eebaf,False,0.40172575941541544,False,0.583742864980993
ecd0385b-dcee-4269-8631-4ce443ef9a50,False,0.40503947191514744,False,0.583742864980993
5a77320d-8055-463c-adc8-b27f12c06564,False,0.40503947191514744,False,0.583742864980993
aa166b59-c404-43a6-b70a-41321522a393,False,0.40503947191514744,False,0.583742864980993
cf23ef57-7cdb-45aa-b705-cd7aa9a8a38b,False,0.40503947191514744,False,0.583742864980993
b05df589-7e00-47d9-b41f-fc82624ab5f5,False,0.583742864980993,True,0.583742864980993
bcf43bf3-f634-4c5b-85f3-001f8c6bc359,False,0.40503947191514744,False,0.583742864980993
cc01ccbd-6443-4807-8b9e-5bd0a9b98e25,False,0.5216339620084071,False,0.583742864980993
737110dc-8036-4e4a-b16a-a3b13db71642,True,0.583742864980993,True,0.583742864980993
9733b42d-40c5-475d-a771-13d4a30c5d42,True,0.6063066851541896,True,0.583742864980993
ac826e99-f3ce-418d-ab0f-aaa78b291f8f,True,0.49277344604420537,False,0.583742864980993
6724a4d1-0cac-4a83-b930-48b42e7538ae,True,0.6063066851541896,True,0.583742864980993
995bf9e8-4561-48ed-bba8-ebd90e5db9a1,False,0.40736695768331066,False,0.583742864980993
01040b29-d071-4cef-b021-07751c2c475f,False,0.40503947191514744,False,0.583742864980993
620700ab-5012-4757-a89f-8a9759cca585,False,0.4479510759890113,False,0.583742864980993
74392af3-2812-4b50-bf57-3ea110553cc0,False,0.40503947191514744,False,0.583742864980993
8cf869d0-9e5a-40a6-9ae4-cace031082f3,False,0.49277344604420537,False,0.583742864980993
2a2d39cf-2c59-4ba3-8ec5-8a280ea7ffad,False,0.49014296689031656,False,0.583742864980993
f5674cbb-4029-4ae0-a8ec-f9bb19764fd1,False,0.40503947191514744,False,0.583742864980993
056661fe-afae-4151-9258-26160ba294e0,False,0.40503947191514744,False,0.583742864980993
7c549def-5657-4f92-a4f3-2fe8be565484,False,0.40503947191514744,False,0.583742864980993
0fe5282a-5339-4e00-9807-69bfb271cb06,False,0.40503947191514744,False,0.583742864980993
c1c1ae29-653a-46bd-a5d1-509e24742ca0,False,0.40503947191514744,False,0.583742864980993
29b69a64-edb8-4243-ac94-3b25f911d63a,False,0.40503947191514744,False,0.583742864980993
99fb992a-54ba-4e8d-95e6-eba9f783403a,False,0.40503947191514744,False,0.583742864980993
3f190761-b190-4938-a775-fbab6ab1d956,False,0.43564890919605254,False,0.583742864980993
1d516935-d65b-4f4a-9e86-4f5fb261a018,False,0.40503947191514744,False,0.583742864980993
fdefebf0-15af-4b4e-a346-af24c91c2050,True,0.6063066851541896,True,0.583742864980993
f863a3ea-2619-4ad1-aeac-4e997f91b0fa,False,0.48250837543654995,False,0.583742864980993
c8637bc1-2545-43f4-8597-40bbabd5a8db,False,0.40503947191514744,False,0.583742864980993
080c3610-696f-48b5-bf62-eee88c53b0f7,False,0.40503947191514744,False,0.583742864980993
6828fed1-4e92-4852-970b-ea2be83803c4,False,0.4945914917747262,False,0.583742864980993
fbf1aa8b-3fa3-4fab-9641-a1e778e0ac7f,False,0.5106256222638125,False,0.583742864980993
0bdd384d-2183-42b0-8219-eb541ff6196b,False,0.40503947191514744,False,0.583742864980993
64e212bc-7580-42eb-a13c-f250901cc069,False,0.40503947191514744,False,0.583742864980993
3da95c5b-82c1-419a-a9a5-e69d5ba22533,False,0.4743515065077276,False,0.583742864980993
53a94d3d-4283-451d-9d1c-0663a10ad1c3,True,0.6063066851541896,True,0.583742864980993
179cad5a-729c-4a4a-a75f-1f71ad453b7a,False,0.5216339620084071,False,0.583742864980993
22699885-6956-4204-a067-7cd65e9888c0,False,0.40503947191514744,False,0.583742864980993
e07c7cda-e0e4-4188-9d1a-6edbeaa6e1f1,False,0.4094269448649575,False,0.583742864980993
0daa9b80-b0ad-4269-8e8e-b1b894e2c8b2,False,0.40503947191514744,False,0.583742864980993
fffeae6e-bf22-42fd-8878-74b9985ec735,False,0.40503947191514744,False,0.583742864980993
cdcc8d89-46bf-41fe-8fdc-ed2005b6c8fe,False,0.47782406655782056,False,0.583742864980993
f957e3bd-a16b-4d5b-acab-81fd28dfe2c3,False,0.45585796786027183,False,0.583742864980993
ec51ff0f-3b8e-4a0f-a3dc-7796bf03c251,False,0.40503947191514744,False,0.583742864980993
8a72de7e-5b1f-407e-9506-67f7ba341f34,False,0.40736695768331066,False,0.583742864980993
07060179-d384-4f3b-a440-d89bb0d4126c,False,0.40172575941541544,False,0.583742864980993
1354f2aa-0ed8-4bfd-811d-78555ed462ac,False,0.583742864980993,True,0.583742864980993
ceebadd6-d6af-42c8-9e17-05907c64b3c9,False,0.40503947191514744,False,0.583742864980993
2644d673-4f96-4b18-a864-022eab260155,False,0.48856245559562955,False,0.583742864980993
0102e58a-3590-4830-9725-87aed40d94df,False,0.40736695768331066,False,0.583742864980993
2d1a42c0-0d7e-4aaa-90ef-29cd3473cb0f,False,0.40503947191514744,False,0.583742864980993
9a94bcdf-7cd1-4b96-898b-6f3836771a5c,False,0.3970427630753556,False,0.583742864980993
41c8314d-2623-4e25-aeea-11c1a154328b,False,0.40503947191514744,False,0.583742864980993
a8abe69a-1e1f-4877-b547-b9de6b588b98,False,0.40503947191514744,False,0.583742864980993
a7e6f86a-b50c-419a-b519-e3d0efd51541,False,0.40503947191514744,False,0.583742864980993
26cc8870-d94c-4827-a0e7-470f2e6b94f3,False,0.40503947191514744,False,0.583742864980993
4f39ce7f-d02e-4411-8bee-9035b5557b5a,False,0.46209169237881514,False,0.583742864980993
3177b536-d187-47e2-a94f-3c1f4b0ff40d,False,0.40736695768331066,False,0.583742864980993
c27c02ee-582a-4c1d-9e91-cd399d0a0a82,False,0.40503947191514744,False,0.583742864980993
451d9d9a-63c3-4fb4-ba76-b579082778b6,False,0.40736695768331066,False,0.583742864980993
d1a32289-a29f-4998-8dfd-788d3f1f0192,False,0.40736695768331066,False,0.583742864980993
9f1f8d73-1e55-4cbc-8ec9-2f2cb1fd12ab,False,0.40503947191514744,False,0.583742864980993
f9f88960-4b8b-4f4a-9103-820c8c534f10,False,0.4094269448649575,False,0.583742864980993
473acc39-167c-423c-8c88-a2a08f813e87,False,0.40503947191514744,False,0.583742864980993
35ab0ac5-8868-4351-a8a0-8a6d5a79fd9d,False,0.43564890919605254,False,0.583742864980993
f04bfd3c-0dd9-492a-8cbb-b4b499aaa809,False,0.48517859078829223,False,0.583742864980993
c6b7651d-7240-448a-867d-4396714a6a86,False,0.48856245559562955,False,0.583742864980993
01793dc7-8eef-4a21-9c7d-d318ddc9f7f5,False,0.40503947191514744,False,0.583742864980993
c8d09262-b72c-498c-aad4-cea515cac4db,False,0.40503947191514744,False,0.583742864980993
3c85b649-1d59-4853-b50a-462512d549f9,False,0.40503947191514744,False,0.583742864980993
1e61c5dd-563a-4874-9256-fb6c10fa7476,False,0.40503947191514744,False,0.583742864980993
c1ddbb9b-5e14-48da-a346-3195650b0fde,False,0.40503947191514744,False,0.583742864980993
d9ca52e4-c42c-4680-8d64-04965d6192d0,False,0.40503947191514744,False,0.583742864980993
dc574ed2-c013-4758-9b22-63db94b9b4b2,False,0.40503947191514744,False,0.583742864980993
19bba88d-45cd-40db-9079-840588f98e29,False,0.40503947191514744,False,0.583742864980993
6af427f0-54c4-4198-b976-f181b4ac0409,False,0.40503947191514744,False,0.583742864980993
666f31a0-52c0-4bde-95a8-10049339ff2b,False,0.40503947191514744,False,0.583742864980993
eff81aec-ccd2-48cb-960c-ef5ad6a51711,False,0.5822597264776274,False,0.583742864980993
836c46bc-0d9e-49af-9131-1c397b095d7c,False,0.3925681383566963,False,0.583742864980993
f952658b-d6b4-473c-bf39-22dbb5ada3ea,False,0.40503947191514744,False,0.583742864980993
a2c9562d-bcac-4477-959b-900ad199f60e,False,0.40161319404915113,False,0.583742864980993
e8f422c9-7ec9-428a-85b2-0dec9dc24325,False,0.3924564557458108,False,0.583742864980993
5d6104e9-383f-4d7c-af33-6c6fc6eed516,False,0.45940257193082634,False,0.583742864980993
1d340f3e-2ad5-4adc-8d2e-23c8ba6ea9f6,False,0.5107056355744709,False,0.583742864980993
cb5da0a1-cb6e-4d74-a50b-bf059aa61d9e,False,0.4094269448649575,False,0.583742864980993
10583398-29f2-4ae2-8ad8-4dd4c3b6566b,False,0.40503947191514744,False,0.583742864980993
f8234152-c2c0-4891-a87b-74af7d58c66b,False,0.47797158333638995,False,0.583742864980993
ddc5ff26-f335-4fcf-b881-984fafcc4ad6,False,0.40503947191514744,False,0.583742864980993
03847766-518e-47ae-b09c-3f065fd5b20f,True,0.40665320941972743,False,0.583742864980993
60e751e5-4e0a-4314-b031-a6f116757ed7,False,0.40503947191514744,False,0.583742864980993
3d7b3976-53ca-41b9-8c1a-51f32d8f7049,False,0.5116221529689596,False,0.583742864980993
ccbbf45a-9d61-4ded-ba81-fdf67f47ea37,False,0.40503947191514744,False,0.583742864980993
4acdbf6c-16c6-49c3-9208-f2c16091015d,False,0.40503947191514744,False,0.583742864980993
644c269d-4cf9-413d-9ce6-5764d12a82fb,False,0.40503947191514744,False,0.583742864980993
80b94ba3-5c94-4dd1-843b-c948cb10f4f7,False,0.40503947191514744,False,0.583742864980993
3a4d525e-2e0c-4230-b02b-87a8fafcd123,False,0.40503947191514744,False,0.583742864980993
c285b1fb-c1f0-41ba-af02-ed6a38ccf0f3,False,0.40736695768331066,False,0.583742864980993
f7ea2eb5-11a0-4b27-96f3-63f26b934759,False,0.40503947191514744,False,0.583742864980993
b14ff1fa-1af4-41db-9cc0-4529ed473f43,False,0.43564890919605254,False,0.583742864980993
8af1d154-767d-4f0f-a4fa-4dfacb42f657,False,0.40503947191514744,False,0.583742864980993
5cdfd690-9b79-43c8-a829-4e699e07c264,False,0.43492528072182174,False,0.583742864980993
84b5fbe7-a55b-4ca9-8330-63f155968fb5,False,0.48517859078829223,False,0.583742864980993
70d3f307-0973-4622-a1ac-fd55e9d8d49e,False,0.4802064935977308,False,0.583742864980993
634e8419-e45b-4eb2-aa06-a68bc5c8dce8,True,0.44359075378074314,False,0.583742864980993
6abc1c06-41cc-48f3-8773-85c0f4b97920,False,0.45742774005617653,False,0.583742864980993
b20c228f-c0ab-482e-98b6-ab8b0a218baf,False,0.40503947191514744,False,0.583742864980993
f1f6da9f-de93-4840-afc7-4b4b9bce5d94,False,0.40503947191514744,False,0.583742864980993
7fc055fd-0f53-4b78-aca2-21da1f54ef87,False,0.44824197993648074,False,0.583742864980993
1ad0318c-4dd7-44d4-bf77-c3e5ac060649,False,0.42663110259679776,False,0.583742864980993
bc00adac-dad2-4bef-a96f-bcbe647f6ace,False,0.40503947191514744,False,0.583742864980993
ca614de7-df41-4232-a053-d7212e3b1379,False,0.47797158333638995,False,0.583742864980993
7cf77e76-d9c2-451c-a7c0-139d2926798c,False,0.40503947191514744,False,0.583742864980993
bf639a18-2654-4903-802c-6e7ba3e1d8b9,False,0.40503947191514744,False,0.583742864980993
2f03b70f-aed3-4db4-81a7-15ffbb999a97,False,0.4094269448649575,False,0.583742864980993
6b01673a-b513-43e3-adea-6b47583e1d56,False,0.40503947191514744,False,0.583742864980993
c764280c-b623-4a63-8158-9c0389e124f1,False,0.40503947191514744,False,0.583742864980993
d44be66e-b1bd-4a3f-ad43-eb7470c6eaf6,False,0.40503947191514744,False,0.583742864980993
bba03692-5b26-400b-961d-da9db2797e5a,False,0.40503947191514744,False,0.583742864980993
4125420e-6192-4b10-a350-dd1b69bf5f6e,False,0.40503947191514744,False,0.583742864980993
6717f037-dbf6-4c98-8e1f-a1b4b7547db3,False,0.41567741068698877,False,0.583742864980993
f35371b4-e48a-4f2f-8cad-726ab2f86f71,False,0.43492528072182174,False,0.583742864980993
00b0ea66-9a44-4b87-8e50-3131840604bc,False,0.4015146011796111,False,0.583742864980993
5aaf6157-fda3-441b-80f1-4203076aa4a9,False,0.583742864980993,True,0.583742864980993
65511bad-b495-4deb-b0de-8e97c40a0993,False,0.5382676027647856,False,0.583742864980993
ef55e9bd-c2f8-410c-b42b-f7244497d518,False,0.40503947191514744,False,0.583742864980993
e2d3901e-7bf9-45fd-8c27-296e1bddd692,False,0.43492528072182174,False,0.583742864980993
5c4a6816-b0a5-409c-be7b-5c3ce8890e51,False,0.40503947191514744,False,0.583742864980993
b2634802-819e-424e-8ed1-02eaa8640227,False,0.40503947191514744,False,0.583742864980993
75cd3cc3-578b-4ac7-bc2e-612998c06095,False,0.4527026673022815,False,0.583742864980993
bbc48633-1712-4036-9e40-fcecbdbdb60a,False,0.40503947191514744,False,0.583742864980993
c6c8160d-5a0c-42a4-b013-6550d950ff32,False,0.40503947191514744,False,0.583742864980993
256ce3f6-c198-4d78-9db3-bfc27ef453c8,False,0.40503947191514744,False,0.583742864980993
21bf0b3a-586f-4675-95fb-b8619d47a8a7,False,0.40503947191514744,False,0.583742864980993
74175dce-f252-45f7-9097-413a601ca6f4,False,0.42651653375719323,False,0.583742864980993
ea24d06e-a3c0-4a9c-a490-79af556910cb,False,0.4094269448649575,False,0.583742864980993
554cc5e6-95e2-4b43-b400-9087b81c67fe,False,0.4094269448649575,False,0.583742864980993
6f43c00e-e989-4fbf-a222-3d6d4352b8a1,False,0.4262517393957955,False,0.583742864980993
ac68e130-a4ac-41a0-b02f-a114a886f48e,False,0.4802064935977308,False,0.583742864980993
6d255310-faa0-47d5-8a72-e91161ad6178,False,0.40503947191514744,False,0.583742864980993
d62052a4-9553-47f8-abed-6a5484d7a858,False,0.40503947191514744,False,0.583742864980993
53512702-af62-45b8-b1d4-1faecf299256,False,0.40503947191514744,False,0.583742864980993
8438263b-2e04-4518-824f-7c33ca2e02d6,False,0.40503947191514744,False,0.583742864980993
0613d7d8-8c15-49f6-ad9d-64e9fc07e0ae,False,0.40503947191514744,False,0.583742864980993
cc2e7784-771f-4b6c-8666-2839888c35e6,False,0.40503947191514744,False,0.583742864980993
131f3ddb-1667-401d-8235-eaf53692d164,False,0.40503947191514744,False,0.583742864980993
48bd6f05-65b3-4986-bbe6-9f44500fb4d1,False,0.4945914917747262,False,0.583742864980993
f0920996-4227-450f-b134-239fd84ca7aa,False,0.4610045006983099,False,0.583742864980993
aa1dfa01-70fb-4f77-a1de-91707d3db15d,False,0.40503947191514744,False,0.583742864980993
0d65d3c2-c425-49fd-aed0-9465fba88fd2,False,0.3891117088771441,False,0.583742864980993
5c0f1767-9877-405e-8c38-fc263d59c0f7,False,0.40503947191514744,False,0.583742864980993
3adc6503-34b5-47ad-a68e-cecff65d4162,False,0.44824197993648074,False,0.583742864980993
c3e12318-9b2d-489d-a21a-f93a180480ec,False,0.47782406655782056,False,0.583742864980993
1a3f0566-9b39-4e92-8fdc-ca52e405e89e,False,0.45025921446072376,False,0.583742864980993
532cce3e-fe0c-4181-ae59-3c63341cbffb,False,0.40503947191514744,False,0.583742864980993
e47486c5-d7fc-450b-abee-6688e37a70fe,False,0.40503947191514744,False,0.583742864980993
b88d9aff-9c48-490a-9857-3956cc536ac1,False,0.40503947191514744,False,0.583742864980993
c1a24b29-bf89-4136-b2e5-752e16dfdceb,False,0.40503947191514744,False,0.583742864980993
29f87df3-4536-4f36-9701-f5e4f2bac216,False,0.5235240134940543,False,0.583742864980993
0c721220-c345-47a2-b9d7-505185e5326c,False,0.40503947191514744,False,0.583742864980993
3532ebac-34a4-41b2-a943-b4bafab50536,False,0.40503947191514744,False,0.583742864980993
a8796e2e-6857-4c2d-a8e5-94b7f0abeb5e,False,0.40503947191514744,False,0.583742864980993
95d63a08-eea5-4e40-b6e3-66229bafb72f,False,0.4538277899086185,False,0.583742864980993
89d9f147-b04d-4bd9-9332-cbb1cf6c9781,False,0.40736695768331066,False,0.583742864980993
6b61ef3d-483c-4ace-b980-98cc2fe1bed7,False,0.40503947191514744,False,0.583742864980993
d4404edd-0947-46c7-bf75-39af1816a3b6,False,0.40503947191514744,False,0.583742864980993
28665088-cce7-4e7f-9b05-c864ff92e431,False,0.4208503438150209,False,0.583742864980993
c6710831-8a65-4b84-8541-9521dafe1edf,False,0.43564890919605254,False,0.583742864980993
d80c4d62-6c90-469c-a70d-8e7b08b8944a,False,0.4262517393957955,False,0.583742864980993
81848898-9e22-4080-a591-fb20e3036f11,False,0.40503947191514744,False,0.583742864980993
e4b9b6f4-5640-4c86-a108-50c1cbead936,False,0.40503947191514744,False,0.583742864980993
4ce0c119-13c7-439d-9380-c19285473758,False,0.40503947191514744,False,0.583742864980993
a534983e-318c-4f75-92bc-e58988c125d1,False,0.45628090289241663,False,0.583742864980993
2dee0306-dc99-44b9-989e-12405cc283a3,False,0.49445744008592335,False,0.583742864980993
5b4bd6a3-01d1-4081-822d-51d3a6402b3c,False,0.40503947191514744,False,0.583742864980993
6054f4c6-f267-4b94-9427-1a797998f0c2,False,0.40503947191514744,False,0.583742864980993
65e3daf9-53cd-4cb4-8e44-3600ff2c2943,True,0.42663110259679776,False,0.583742864980993
23579bbf-4971-40cf-964b-338d3559d9b7,False,0.40503947191514744,False,0.583742864980993
2bd69ace-a986-4a91-8ef7-c258e644b2f2,False,0.40503947191514744,False,0.583742864980993
918643cb-68ec-4c53-8f67-fb2feb3b4a4f,False,0.4262517393957955,False,0.583742864980993
4c002b8f-d75a-44ed-92c7-c363ea3ae4ba,False,0.40503947191514744,False,0.583742864980993
419db95e-ed39-4808-bc63-f5b756db7f2f,False,0.5792141179307829,False,0.583742864980993
5fbfb6b8-7a63-4292-87ad-9882fdc8c0e8,True,0.6063066851541896,True,0.583742864980993
f7569a82-f921-45a0-8ca5-52a84619ca31,False,0.49277344604420537,False,0.583742864980993
38e97e20-fd8e-44f9-b80b-fb8b35dcca94,True,0.4094269448649575,False,0.583742864980993
8abbafd5-e17f-4a5f-8e53-f4b1b783b37e,False,0.40503947191514744,False,0.583742864980993
f76af65c-24db-4183-be6c-e838c974617a,False,0.40503947191514744,False,0.583742864980993
e53bf34f-350c-44f6-8859-542630f44f21,False,0.40503947191514744,False,0.583742864980993
c4b099b4-ce9a-4c8d-b46e-2c8fcf24d47b,False,0.40503947191514744,False,0.583742864980993
a02d0685-8472-4050-9a5a-f143c3eba065,False,0.5380642566236822,False,0.583742864980993
ce2ca1fb-3824-4307-9fce-9898b8da478a,True,0.5139613722189241,False,0.583742864980993
b2c7acce-9be8-4c7f-a1a1-237b41c640e5,False,0.3971548976484513,False,0.583742864980993
a8d958ec-2c71-48d7-8371-de61fb260f77,False,0.40503947191514744,False,0.583742864980993
22470deb-9d0b-4b4e-b764-01d29f580b47,False,0.40503947191514744,False,0.583742864980993
9e44d76f-146d-4c48-9214-161c45888de4,False,0.5504801817597578,False,0.583742864980993
c67a70b5-52f4-46b6-b5cd-7d19510f9cb1,False,0.4262517393957955,False,0.583742864980993
42f19b0a-def8-44b7-92ed-22555a414114,False,0.43492528072182174,False,0.583742864980993
5c73abb5-bf7c-4dab-a975-cdb1697fd492,False,0.40503947191514744,False,0.583742864980993
0c21cde0-48e0-44ba-80d1-ba9ab8af7e2e,False,0.40503947191514744,False,0.583742864980993
acf2b8c4-471d-46e8-9bc4-c9091f55b4e6,False,0.40503947191514744,False,0.583742864980993
5ff40ea9-1426-4528-bdf8-23ab4689243a,False,0.40503947191514744,False,0.583742864980993
14489520-b283-4da9-8295-0ee3ae380bb2,False,0.40503947191514744,False,0.583742864980993
8a64b838-d25e-428c-96d9-d3cfb90991a5,False,0.40736695768331066,False,0.583742864980993
9f861e5e-bc8b-4d78-8d18-360ab20dff5a,False,0.40503947191514744,False,0.583742864980993
ea416825-ffce-4b51-b822-f70ca9a366b5,False,0.43492528072182174,False,0.583742864980993
3b4ae0ac-1be1-40ed-be44-48d583b00781,False,0.40503947191514744,False,0.583742864980993
d3636e91-6b6e-4f0c-a94b-b9a9d85197a5,False,0.40503947191514744,False,0.583742864980993
f1dcaafa-6178-4348-8dba-afa8593d377a,False,0.40503947191514744,False,0.583742864980993
097744cc-5caa-437f-92d4-accd4af81828,False,0.480721732343174,False,0.583742864980993
fa720522-daba-4562-9781-35a96f3548da,False,0.40503947191514744,False,0.583742864980993
ab3f8de3-1b93-4ca3-82fd-b3f7ada59fad,False,0.40503947191514744,False,0.583742864980993
73acfe36-2801-45fa-9ba8-70b639fa7a92,False,0.4285203936572535,False,0.583742864980993
a8b157d6-5154-4d53-afb5-f4aed77f3960,False,0.4932098999115965,False,0.583742864980993
886c5954-d534-4bab-b850-9ad8271d43fe,False,0.40503947191514744,False,0.583742864980993
308e27f2-94f1-4fbc-a2ce-9ca3aa07bbf9,False,0.40503947191514744,False,0.583742864980993
17d2b7a8-4c37-408e-a6db-b3e756f91a1f,True,0.40503947191514744,False,0.583742864980993
f3270d7c-f52f-49d7-9d62-b49bfb497ad5,False,0.40503947191514744,False,0.583742864980993
1b84d270-783f-40f5-af35-8c4a8e3b8037,False,0.40503947191514744,False,0.583742864980993
2b0aabcd-e03d-4479-ada1-b86ca976068e,False,0.40503947191514744,False,0.583742864980993
dc0416ca-06df-4d74-9f32-e560b92836ea,False,0.40736695768331066,False,0.583742864980993
cd0fcb9c-b2fe-4969-9935-97359b048302,False,0.40503947191514744,False,0.583742864980993
8d0bf70d-4b30-4e7d-b707-a82ac3a327c0,False,0.40503947191514744,False,0.583742864980993
c2a427f9-55ae-4318-baee-b97104c64d85,True,0.45628090289241663,False,0.583742864980993
0acda71c-4e2f-49c5-b752-30421b064978,False,0.40503947191514744,False,0.583742864980993
401360b0-1047-44d4-a5f1-9e8264701d20,False,0.40503947191514744,False,0.583742864980993
17c3a62e-1973-4370-962b-f5d0e37d1f8b,False,0.45628090289241663,False,0.583742864980993
6d95be61-7a9c-4f44-8c27-bc250abcc411,False,0.40503947191514744,False,0.583742864980993
21931940-ccda-4b72-b8b6-ec1aa9009686,False,0.40503947191514744,False,0.583742864980993
a8217046-0ac1-4662-8673-fe10a5639b56,False,0.40503947191514744,False,0.583742864980993
55d91cef-5535-4207-97df-6467495ccdf5,False,0.40503947191514744,False,0.583742864980993
3af832c4-c66a-4034-9155-2079e094ee85,False,0.40503947191514744,False,0.583742864980993
695e3cae-9a4b-4d5d-9535-11eb2cd29d16,False,0.3987589507307454,False,0.583742864980993
e637f118-d465-44e3-b8d3-8c2268d3daa1,True,0.5216339620084071,False,0.583742864980993
1627ba06-7c88-41d8-a6ab-fc1804580ee0,False,0.4050793591890787,False,0.583742864980993
d43d7661-bda3-4bda-ad46-9e55df75180a,False,0.45628090289241663,False,0.583742864980993
56c26cf0-8aef-447b-848f-291d59de546f,False,0.4539438879441645,False,0.583742864980993
67cd32b4-be57-4fce-9fe7-5f51d81a8651,False,0.40503947191514744,False,0.583742864980993
98d97cea-96c9-4df3-9e8e-1db21f382d2b,False,0.40736695768331066,False,0.583742864980993
df87bb42-8972-436b-9c6c-cb9f3363554e,False,0.4094269448649575,False,0.583742864980993
4a706549-b774-4db1-b6fb-8d07ab2958b5,False,0.4203473305536443,False,0.583742864980993
2bf604ba-d67b-47e6-b5a6-8548613225a7,False,0.40503947191514744,False,0.583742864980993
12e59292-4816-42f8-b714-305c80f3909f,False,0.583742864980993,True,0.583742864980993
4ab8ba04-1f97-48a9-8425-efebccd8da68,False,0.40161319404915113,False,0.583742864980993
e4a22b50-d848-4f8b-83ce-51822aca8e59,False,0.40503947191514744,False,0.583742864980993
530c9fa9-83e3-4c70-97c9-a81d7c9483fb,False,0.40503947191514744,False,0.583742864980993
cad76fd7-f5a8-40ad-a774-3e93bc559aa0,False,0.40503947191514744,False,0.583742864980993
9d7673ee-846b-4832-9f9a-b44c464cdfea,False,0.40503947191514744,False,0.583742864980993
7a732723-d233-4358-93c2-ecde64cbd5c4,False,0.3970427630753556,False,0.583742864980993
f3babeca-f141-4a01-a715-7be6ae08f076,True,0.40736695768331066,False,0.583742864980993
1f7c4caf-c269-45ae-89fc-c2a9675475ab,False,0.40503947191514744,False,0.583742864980993
a5b6af5c-0692-4b8c-9d71-0a17a921aea8,False,0.40736695768331066,False,0.583742864980993
74f87252-25bb-47e8-836c-23e666eb9376,False,0.40503947191514744,False,0.583742864980993
22dd68d4-e0a6-4a38-be01-1c594c2614d9,False,0.4499416349084148,False,0.583742864980993
7dfcab1d-70fa-4f26-beed-454d8588da42,False,0.40503947191514744,False,0.583742864980993
747a9b35-fae6-416b-84dd-c0520ad98444,False,0.40503947191514744,False,0.583742864980993
e6d197b3-eb73-4354-9161-8d2a80ac7320,False,0.40503947191514744,False,0.583742864980993
a1c5900b-3a88-400e-a94b-f2fce2b601a0,False,0.40503947191514744,False,0.583742864980993
51cc5e5b-07a1-4bb0-b56f-4064fcfbcdc0,False,0.4802064935977308,False,0.583742864980993
6c54153d-282f-473c-a12b-d2662a478534,False,0.40503947191514744,False,0.583742864980993
6513eb51-e0c3-4458-bfa9-f48b118a9c65,False,0.40503947191514744,False,0.583742864980993
7a020277-2c45-44c4-b49a-e04a97e342dc,True,0.40503947191514744,False,0.583742864980993
43a5a804-6b58-48a9-8a02-bff81db5a8b5,True,0.43492528072182174,False,0.583742864980993
c0cdb778-c127-4009-a802-a406260a8350,True,0.48517859078829223,False,0.583742864980993
daa1757a-3230-4ad7-9c69-ad9b6ce14b22,False,0.40503947191514744,False,0.583742864980993
228853b9-fb66-4388-97a7-d722dd6c7ec2,False,0.40503947191514744,False,0.583742864980993
782b795f-fd25-4d2b-891b-7669910ef546,False,0.40503947191514744,False,0.583742864980993
4a993f8c-65d1-4778-bd83-7af65bfcafd2,False,0.40503947191514744,False,0.583742864980993
b4d98edc-bf59-489d-bfd4-ddabf233041f,False,0.40503947191514744,False,0.583742864980993
bd03c7ba-e07a-4edb-8988-81125c565c28,False,0.43492528072182174,False,0.583742864980993
298d9b84-948c-4f76-af03-cc7a221cdd62,False,0.40503947191514744,False,0.583742864980993
69395a7d-19e3-44ad-af99-e78530636b50,False,0.3924564557458108,False,0.583742864980993
b3a33841-7042-4010-a95d-3a42c4595741,False,0.47797158333638995,False,0.583742864980993
d8e3cf86-3a53-40a5-902b-7c91d99e0022,False,0.40503947191514744,False,0.583742864980993
10c5448a-a84e-448e-9f9b-0e5de54fd213,True,0.46689576716893366,False,0.583742864980993
7acd9bfc-c466-476b-9f91-68ea1ee2bd1a,False,0.40503947191514744,False,0.583742864980993
0f679343-0a17-4f70-9e1e-e813a8c8ee15,False,0.40503947191514744,False,0.583742864980993
2173ef81-2928-4dee-8e77-75071d9ed270,False,0.40503947191514744,False,0.583742864980993
58e51161-9e85-42ee-a66f-a77fc8a26e2f,False,0.40503947191514744,False,0.583742864980993
e5cb7cc7-d356-4c39-a5ba-ba70afcd5b0e,False,0.40503947191514744,False,0.583742864980993
e0f730f1-2744-4b2e-be25-a27c04da70d4,False,0.40042213678873106,False,0.583742864980993
22c8f0d7-6c50-45ce-a174-a84e82e782b9,False,0.42663110259679776,False,0.583742864980993
dbc816f6-469c-49ee-912d-e5eee241636c,False,0.4094269448649575,False,0.583742864980993
df443c5f-1448-4684-a7e0-31708453b56c,False,0.40503947191514744,False,0.583742864980993
bc5e4ed2-1b0d-47dc-adb3-a1a799deec95,False,0.43564890919605254,False,0.583742864980993
cfb5aa8b-1bbb-42e0-9a0a-c7d85ce5c6be,False,0.40503947191514744,False,0.583742864980993
8542580d-255a-4988-83b9-92aba6a93a52,False,0.40503947191514744,False,0.583742864980993
42f0018f-8f92-4cd2-a7da-6878c114f027,False,0.40503947191514744,False,0.583742864980993
f89f39e2-6c5d-4b7a-b1f5-0e3a46ee0c74,False,0.40503947191514744,False,0.583742864980993
b5e255f9-e290-46aa-b33d-c09136f4c7ab,False,0.48080166356871207,False,0.583742864980993
1e596b82-1dfc-4c95-b6e6-0b4397160e1f,False,0.40503947191514744,False,0.583742864980993
cffab8e0-4c02-4f54-bdc8-314b3d4c40f2,False,0.4285203936572535,False,0.583742864980993
6df35e2a-1368-4776-966f-816035fd9124,True,0.6063066851541896,True,0.583742864980993
60a0363e-f14f-4ebe-8168-47f6231ad423,False,0.40503947191514744,False,0.583742864980993
43f90a3d-ef05-49ae-9a11-61a1d08a9505,False,0.47797158333638995,False,0.583742864980993
e0fe43f7-164a-40bf-91b3-12f5bc8f3088,False,0.40503947191514744,False,0.583742864980993
a328fc85-f4c0-4270-84db-2f89e877d24a,False,0.4262517393957955,False,0.583742864980993
7f399d8d-a946-49d0-b0bd-5d1dfdb49b52,False,0.4050793591890787,False,0.583742864980993
bdd7c33b-9250-45ef-a54d-05b24f2e6227,True,0.4155351471045486,False,0.583742864980993
e173730c-95ba-41eb-9e43-b3fad7d4bfad,True,0.6063066851541896,True,0.583742864980993
af82b9b3-1300-4fcd-94f7-1bf724c0c788,True,0.4835218322708552,False,0.583742864980993
4c0cab70-fba3-44b7-8a9d-e0ebdc5a814c,False,0.45742774005617653,False,0.583742864980993
10ee4558-9425-4f6a-8478-912e00ef3354,False,0.3987589507307454,False,0.583742864980993
f262dfe7-6108-4316-9c64-2182963c2bbd,False,0.40503947191514744,False,0.583742864980993
9f52d734-f7bc-48f2-87f6-8407bea61f5b,False,0.42482011470594766,False,0.583742864980993
26af30a7-99be-4311-8a15-57229d4aee00,False,0.40503947191514744,False,0.583742864980993
64f06947-ad32-480c-8c31-a3dbf84fe74b,False,0.40503947191514744,False,0.583742864980993
a09e43ce-3f9d-4eed-8b3c-64da2fba12b1,False,0.40503947191514744,False,0.583742864980993
32146c95-86f3-42b3-a8a0-e99b9811d9e4,False,0.40503947191514744,False,0.583742864980993
a2af3ebd-dbad-4581-bd09-e405f9e140c5,False,0.40503947191514744,False,0.583742864980993
83b5b07e-6da6-42d6-ab28-d969ad680810,True,0.6063066851541896,True,0.583742864980993
76597889-561f-467f-919e-5473971646ad,False,0.5937345177091178,True,0.583742864980993
70575747-b9c5-4e13-909f-e13b28451736,False,0.40503947191514744,False,0.583742864980993
b47963e3-09f7-4d08-b5a7-75c5ee904653,False,0.40736695768331066,False,0.583742864980993
84c75e4e-b9bd-44e3-add0-39ee1b0d8656,False,0.40503947191514744,False,0.583742864980993
8e9eea3c-2b36-4c90-b882-04c2d759839e,False,0.43492528072182174,False,0.583742864980993
ba19fda5-a97e-4a79-96d0-beeaae117c7a,False,0.40503947191514744,False,0.583742864980993
5fd50342-40df-493d-80f5-9035ad6e03ff,False,0.4094269448649575,False,0.583742864980993
e3f87acd-2634-4b57-b108-f07742c303fc,False,0.45742774005617653,False,0.583742864980993
38d7e9d9-8227-4308-9a21-4c8ba8ba991d,False,0.4094269448649575,False,0.583742864980993
7e45a22d-450c-4ff2-a2a2-26c3fc6fe83b,False,0.4094269448649575,False,0.583742864980993
d97ef191-1a5b-4623-8d01-335186613278,False,0.40503947191514744,False,0.583742864980993
52bec9ba-31aa-4bdb-876b-1ce362d62eee,False,0.40503947191514744,False,0.583742864980993
85747df6-046a-4f5c-bfed-332bff0bc53e,False,0.4823994626349908,False,0.583742864980993
cec6ed01-2f97-491b-abc4-645eedd740cb,False,0.4886424637356239,False,0.583742864980993
9dab9f84-91ea-44ed-915e-df7316a59d37,False,0.48517859078829223,False,0.583742864980993
c8e33ad0-c412-4a6d-8148-c2c40ceb1832,False,0.40503947191514744,False,0.583742864980993
bc09f1b4-1006-4f7b-9abe-51b36eab5d59,False,0.4094269448649575,False,0.583742864980993
497ec7c3-7d65-4f08-ab5e-56ec69c0a166,False,0.5792141179307829,False,0.583742864980993
c5f02027-54cf-476d-ae37-2534b67c82b4,False,0.5216339620084071,False,0.583742864980993
415e9fc1-9754-4c9c-86e5-b3acff77b546,False,0.40503947191514744,False,0.583742864980993
54b6c269-d627-48de-b553-080236ab14ef,False,0.40503947191514744,False,0.583742864980993
91714ab2-bfc0-436d-8449-f78af1807009,False,0.4802064935977308,False,0.583742864980993
3d7bc7e7-7032-45e6-b1c6-5b6617cb4104,False,0.49277344604420537,False,0.583742864980993
3ff3720e-c4d2-4a7e-b8fa-90e8136c74bf,False,0.5792141179307829,False,0.583742864980993
6e983cec-752e-40e8-8355-20587afeb484,False,0.40503947191514744,False,0.583742864980993
896a97c5-5af5-41e7-9e78-01d8227b48be,False,0.5106256222638125,False,0.583742864980993
f0c34b40-5cd2-4a54-94a3-75bfbd010dd4,False,0.40503947191514744,False,0.583742864980993
596dfac7-4c1a-4d21-8416-790973c5cb56,False,0.4538277899086185,False,0.583742864980993
65192d33-0ca0-42f0-a0fd-5a2d48788fc1,False,0.40503947191514744,False,0.583742864980993
837b5e4c-6540-4a42-8e43-0e634b5957c4,False,0.5402684029507029,False,0.583742864980993
990a24e8-94e0-4c97-8b33-08dc689e546d,False,0.40503947191514744,False,0.583742864980993
887fa606-b74b-4379-adb9-e0981ec9ec36,False,0.4094269448649575,False,0.583742864980993
1ade6907-4e31-4a09-960d-46ee2596aedc,False,0.40503947191514744,False,0.583742864980993
4a49b453-6fc5-44c0-a7ed-245da2955c8b,False,0.40503947191514744,False,0.583742864980993
0bca7015-083c-49ba-af87-a13f08e38216,False,0.40736695768331066,False,0.583742864980993
3fea6190-7c6c-49ef-9077-0ef2d6b1597f,False,0.40503947191514744,False,0.583742864980993
bb5e5e17-39a3-4344-92f8-ec38cb96d264,False,0.40503947191514744,False,0.583742864980993
2338b118-1b99-4ba4-bc94-f6424b93bca7,False,0.40503947191514744,False,0.583742864980993
5cc026da-1ea4-48d9-b3e1-c1bef2929fe8,False,0.3971548976484513,False,0.583742864980993
b8c34398-5ad5-4e25-8323-e48fb78f4feb,False,0.40503947191514744,False,0.583742864980993
3cc40d00-31f7-4643-8754-810a238bcffc,False,0.40503947191514744,False,0.583742864980993
3f87284b-d6ac-48e2-aef2-4fd0ec7f10a0,True,0.6063066851541896,True,0.583742864980993
83aeb304-00db-429d-992b-07b5905f845e,False,0.40503947191514744,False,0.583742864980993
319cfc09-9847-4b3a-923a-ca1b05f020c7,False,0.40503947191514744,False,0.583742864980993
6b40e58a-6a16-4bb5-87e6-f074f0f9d7c1,False,0.40503947191514744,False,0.583742864980993
835dbbf6-1e1c-43e5-b5bb-6aad9f8dcb46,False,0.4203473305536443,False,0.583742864980993
c05b8950-d157-4a01-ba69-b515c3adaae2,False,0.46689576716893366,False,0.583742864980993
c1b64d5c-5691-4aab-a8fb-43824070432a,False,0.40503947191514744,False,0.583742864980993
